[
	{"pk": 1, "model": "blog.category", "fields": {"code": "campaigns", "name": "Campaigns"}}, 
	{"pk": 2, "model": "blog.category", "fields": {"code": "climate-change", "name": "Climate change"}},
	{"pk": 3, "model": "blog.category", "fields": {"code": "creativity", "name": "Creativity"}},
	{"pk": 4, "model": "blog.category", "fields": {"code": "food-security", "name": "Food security"}},
	{"pk": 5, "model": "blog.category", "fields": {"code": "growing", "name": "Growing"}},
	{"pk": 6, "model": "blog.category", "fields": {"code": "governance", "name": "Governance"}}, 
	{"pk": 7, "model": "blog.category", "fields": {"code": "helping-people", "name": "Helping People"}},
	{"pk": 8, "model": "blog.category", "fields": {"code": "humanitarian", "name": "Humanitarian"}},
	{"pk": 9, "model": "blog.category", "fields": {"code": "innovation", "name": "Innovation"}},
	{"pk": 10, "model": "blog.category", "fields": {"code": "inspiring-projects", "name": "Inspiring Projects"}}, 
	{"pk": 11, "model": "blog.category", "fields": {"code": "leadership", "name": "Leadership"}},
	{"pk": 12, "model": "blog.category", "fields": {"code": "learning", "name": "Learning"}},
	{"pk": 13, "model": "blog.category", "fields": {"code": "livelihoods", "name": "Livelihoods"}},
	{"pk": 14, "model": "blog.category", "fields": {"code": "motivation", "name": "Motivation"}},
	{"pk": 15, "model": "blog.category", "fields": {"code": "partnership", "name": "Partnership"}},
	{"pk": 16, "model": "blog.category", "fields": {"code": "people", "name": "People"}},
	{"pk": 17, "model": "blog.category", "fields": {"code": "role-models", "name": "Role Models"}},
	{"pk": 18, "model": "blog.category", "fields": {"code": "women", "name": "Women"}},
	{"pk": 19, "model": "blog.category", "fields": {"code": "womens-leadership", "name": "Women's leadership"}},
	{"pk": 20, "model": "blog.category", "fields": {"code": "womens-rights", "name": "Women's rights"}},
	{"pk": 21, "model": "blog.category", "fields": {"code": "working-together", "name": "Working together"}},
	{"pk": 22, "model": "blog.category", "fields": {"code": "no-category", "name": "No category"}},

    {"pk":  1, "model": "blog.blog", "fields": {"category": 13, "location": 1, "mood": 6,  "image": "./images/blog/1/blog_1.jpg", "user": 1, "published": "2012-05-11 00:00:00", "modified": "2012-05-11 00:00:00", "title": "Rice farmer in Vietnam", "description": "In Vietnam, Oxfam's focus is on education, sustainable livelihoods, Fair Trade, gender equality, and disaster preparedness."}},
    {"pk":  2, "model": "blog.blog", "fields": {"category": 13, "location": 2, "mood": 6,  "image": "./images/blog/1/blog_2.jpg", "user": 1, "published": "2012-05-11 00:00:00", "modified": "2012-05-11 00:00:00", "title": "A group of children in Cambodia", "description": "A group of children in Cambodia gather and smile for the camera."}},
    {"pk":  3, "model": "blog.blog", "fields": {"category": 13, "location": 12, "mood": 6,  "image": "./images/blog/1/blog_3.jpg", "user": 1, "published": "2012-05-11 00:00:00", "modified": "2012-05-11 00:00:00", "title": "Combating drought in the Horn of Africa", "description": "Mary Atabo's family used to own over 100 goats but now have only 10 due to the drought."}},
    {"pk":  4, "model": "blog.blog", "fields": {"category": 13, "location": 6, "mood": 6,  "image": "./images/blog/1/blog_4.jpg", "user": 1, "published": "2012-05-11 00:00:00", "modified": "2012-05-11 00:00:00", "title": "Aid reaching Pakistan", "description": "Household water treatment using PUR sachets for clearing dirty water and making it safe for drinking at household level. One sachet of PUR treats about 10 litre of water in about 30 minutes."}},
    {"pk":  5, "model": "blog.blog", "fields": {"category": 13, "location": 10, "mood": 6,  "image": "./images/blog/1/blog_5.jpg", "user": 1, "published": "2012-05-11 00:00:00", "modified": "2012-05-11 00:00:00", "title": "Humanitarian Crisis In Gaza", "description": "A Palestinian girl, who fled with her family from their house, looks out the window at a United Nations aid center in a school in Rafah in the southern Gaza Strip."}},
    {"pk":  6, "model": "blog.blog", "fields": {"category": 13, "location": 11, "mood": 6,  "image": "./images/blog/1/blog_6.jpg", "user": 1, "published": "2012-05-11 00:00:00", "modified": "2012-05-11 00:00:00", "title": "Each expressing their own style!", "description": "At this year's festivals Oxfam campaigners are asking you to paint your face blue and join the growing global movement of people determined to take action on climate change. If you have taken part, search for your picture in the gallery."}},
    {"pk":  7, "model": "blog.blog", "fields": {"category": 13, "location": 6, "mood": 6,  "image": "./images/blog/1/blog_7.jpg", "user": 1, "published": "2012-05-11 00:00:00", "modified": "2012-05-11 00:00:00", "title": "Pakistan floods", "description": "Hundreds of families have had to evacuate their homes after flooding in Pakistan."}},
    {"pk":  8, "model": "blog.blog", "fields": {"category": 13, "location": 3, "mood": 6,  "image": "./images/blog/1/blog_8.jpg", "user": 1, "published": "2012-05-11 00:00:00", "modified": "2012-05-11 00:00:00", "title": "Stunning photos in Azerbaijan", "description": "A young boy collects water in Dargalar village in Azerbaijan. The village had been without drinkable water for over two years prior."}},
    {"pk":  9, "model": "blog.blog", "fields": {"category": 13, "location": 4, "mood": 6,  "image": "./images/blog/1/blog_9.jpg", "user": 1, "published": "2012-05-11 00:00:00", "modified": "2012-05-11 00:00:00", "title": "Rice fields in Malawi", "description": "Leyla working in her rice field. Oxfam has been funding an irrigation scheme in Malawi that has helped improve the lives of 400 families by transforming their low-yield crops into year-round, high volume harvests that provide food and a continuous source of income."}},
    {"pk": 10, "model": "blog.blog", "fields": {"category": 13, "location": 5, "mood": 6, "image": "./images/blog/1/blog_10.jpg", "user": 1, "published": "2012-05-11 00:00:00", "modified": "2012-05-11 00:00:00", "title": "Hair styling in Kenya", "description": "he pastoralist communities of Turkana are experiencing the longest period of drought in their history. These women gather in the shade to talk and get their hair styled."}},
    {"pk": 11, "model": "blog.blog", "fields": {"category": 13, "location": 6, "mood": 6, "image": "./images/blog/1/blog_11.jpg", "user": 1, "published": "2012-05-11 00:00:00", "modified": "2012-05-11 00:00:00", "title": "Flooding crisis in Pakistan", "description": "A man tries to cross a make-shift bridge to escape his flooded home in Nowshera on 31 July, 2010. Heavy monsoon rains have triggered the worst floods in decades in Pakistan's northwest, forcing thousands of people from their homes as authorities struggle to reach stranded villagers."}},
    {"pk": 12, "model": "blog.blog", "fields": {"category": 13, "location": 7, "mood": 6, "image": "./images/blog/1/blog_12.jpg", "user": 1, "published": "2012-05-11 00:00:00", "modified": "2012-05-11 00:00:00", "title": "Farmers in Ghana", "description": "Farmers in Astuare Region, Ghana. Oxfam's work in Ghana has focused on sustainable agricultural livelihoods and free universal quality health care."}},
    {"pk": 13, "model": "blog.blog", "fields": {"category": 13, "location": 5, "mood": 6, "image": "./images/blog/1/blog_13.jpg", "user": 1, "published": "2012-05-11 00:00:00", "modified": "2012-05-11 00:00:00", "title": "Big fish in Kenya", "description": "Achim Cheme, carrying a fish on her head. In 2011 Oxfam launched its biggest ever appeal for those affected by the East Africa food crisis. Oxfam is helping families in Ethiopia, Somalia and Kenya get the food, water and basic sanitation they desperately need to stay alive."}},
    {"pk": 14, "model": "blog.blog", "fields": {"category": 13, "location": 8, "mood": 6, "image": "./images/blog/1/blog_14.jpg", "user": 1, "published": "2012-05-11 00:00:00", "modified": "2012-05-11 00:00:00", "title": "Schools in Gao", "description": "New wells have been installed and teacher training courses have improved standards of teaching. Fatimata is just one of the thousands of children who are not yet in school. This year, with your help, we can get 10,300 more children into school and out of poverty."}},
    {"pk": 15, "model": "blog.blog", "fields": {"category": 13, "location": 8, "mood": 6, "image": "./images/blog/1/blog_15.jpg", "user": 1, "published": "2012-05-11 00:00:00", "modified": "2012-05-11 00:00:00", "title": "Children going to school in Gao", "description": "Children on their way to school in one of the many small settlements in Gao, Mali. Most children in Mali struggle to get an education. Oxfam is helping some of the poorest communities by building and repairing schools, providing school equipment, and running teacher training courses."}},
    {"pk": 16, "model": "blog.blog", "fields": {"category": 13, "location": 8, "mood": 6, "image": "./images/blog/1/blog_16.jpg", "user": 1, "published": "2012-05-11 00:00:00", "modified": "2012-05-11 00:00:00", "title": "Education in Mali", "description": "Mouna was one of the first girls in her village to go to school. With an education, Mouna has a real chance at a better life. Being able to read and write will give Mouna a route out of poverty and help her to achieve her dream of becoming a teacher."}},
    {"pk": 17, "model": "blog.blog", "fields": {"category": 13, "location": 6, "mood": 6, "image": "./images/blog/1/blog_17.jpg", "user": 1, "published": "2012-05-11 00:00:00", "modified": "2012-05-11 00:00:00", "title": "Life in a box", "description": "A family carries relief supplies, distributed by the Army, on train tracks back to their homes after flood waters receded in Nowshera, located in Pakistan's northwest Khyber-Pakhtunkhwa Province."}},
    {"pk": 18, "model": "blog.blog", "fields": {"category": 13, "location": 6, "mood": 6, "image": "./images/blog/1/blog_18.jpg", "user": 1, "published": "2012-05-11 00:00:00", "modified": "2012-05-11 00:00:00", "title": "Refuge campus", "description": "Children play amidst tents where residents shifted to camps take refuge from heavy floods in Nowshera, located in Pakistan's northwest Khyber-Pakhtunkhwa Province. "}},
    {"pk": 19, "model": "blog.blog", "fields": {"category": 13, "location": 6, "mood": 6, "image": "./images/blog/1/blog_19.jpg", "user": 1, "published": "2012-05-11 00:00:00", "modified": "2012-05-11 00:00:00", "title": "Emergency boats of Oxfam", "description": "In Punjab Province, Oxfam has deployed emergency boats to assist government search and rescue efforts. So far we have helped evacuate 80,000 people to safety."}},
    {"pk": 20, "model": "blog.blog", "fields": {"category": 13, "location": 6, "mood": 6, "image": "./images/blog/1/blog_20.jpg", "user": 1, "published": "2012-05-11 00:00:00", "modified": "2012-05-11 00:00:00", "title": "Drowned house in Pakistan", "description": "A woman points towards her flooded home from a hilltop overlooking Nowshera, located in Pakistan's northwest Khyber-Pakhtunkhwa Province on 31 July, 2010. Heavy monsoon rains triggered the worst floods in decades in Pakistan's northwest"}},
    {"pk": 21, "model": "blog.blog", "fields": {"category": 13, "location": 5, "mood": 6, "image": "./images/blog/1/blog_21.jpg", "user": 1, "published": "2012-05-11 00:00:00", "modified": "2012-05-11 00:00:00", "title": "East Africa", "description": "Ekorot Eriono shows how dry and infertile the soil is in northern Turkana. Seven years without sufficient rain has left its mark on the landscape and the people."}},
    {"pk": 22, "model": "blog.blog", "fields": {"category": 13, "location": 5, "mood": 6, "image": "./images/blog/1/blog_22.jpg", "user": 1, "published": "2012-05-11 00:00:00", "modified": "2012-05-11 00:00:00", "title": "A given water", "description": "Faadomo Hirsi and her grandson wheel their daily allowance of two 20-litre jerrycans of water back to their house."}},
    {"pk": 23, "model": "blog.blog", "fields": {"category": 13, "location": 5, "mood": 6, "image": "./images/blog/1/blog_23.jpg", "user": 1, "published": "2012-05-11 00:00:00", "modified": "2012-05-11 00:00:00", "title": "Waridaad village’s", "description": "After nearly 11 months without a drop of rain, all of Waridaad village’s traditional water sources dried up. Oxfam partners Havyoco have been trucking in clean water every day. The water is pumped into these community tanks, from where each family queues up to fill their jerrycans."}},
    {"pk": 24, "model": "blog.blog", "fields": {"category": 13, "location": 9, "mood": 6, "image": "./images/blog/1/blog_24.jpg", "user": 1, "published": "2012-05-11 00:00:00", "modified": "2012-05-11 00:00:00", "title": "The system's burst", "description": "Asekon Elailo.---When I wear this dress and I wear my feather it reminds me of the original way of living in Turkana. It makes me think about respect. It was a time when people respected us."}},
    {"pk": 25, "model": "blog.blog", "fields": {"category": 13, "location": 9, "mood": 6, "image": "./images/blog/1/blog_25.jpg", "user": 1, "published": "2012-05-11 00:00:00", "modified": "2012-05-11 00:00:00", "title": "World Hunger", "description": "kai Nayapar--I came here today to see if we could borrow some food from a friend or neighbour. If I get nothing we will have nothing to eat today."}},

    {"pk": 1, "model": "location.location", "fields": {"city": "Hanoi", "country": "Vietnam", "lat": "21.039646", "lng": "105.838165"}},
    {"pk": 2, "model": "location.location", "fields": {"city": "Phnom Penh", "country": "Cambodia", "lat": "11.566144", "lng": "104.908447"}},
    {"pk": 3, "model": "location.location", "fields": {"city": "Azerbaijan", "country": "Baku", "lat": "40.436305", "lng": "49.879428"}},
    {"pk": 4, "model": "location.location", "fields": {"city": "Salima", "country": "Malawi", "lat": "-13.77975", "lng": "34.458368"}},
    {"pk": 5, "model": "location.location", "fields": {"city": "Nairobi", "country": "Kenya", "lat": "-1.283358", "lng": "36.822114"}},
    {"pk": 6, "model": "location.location", "fields": {"city": "Karachi", "country": "Pakistan", "lat": "24.923578", "lng": "67.033206"}},
    {"pk": 7, "model": "location.location", "fields": {"city": "Accra", "country": "Ghana", "lat": "5.562278", "lng": "-0.195663"}},
    {"pk": 8, "model": "location.location", "fields": {"city": "Gao", "country": "Mali", "lat": "16.277271", "lng": "-0.050968"}},
    {"pk": 9, "model": "location.location", "fields": {"city": "Turkana", "country": "Kenya", "lat": "-13.77975", "lng": "34.458368"}},
    {"pk": 10, "model": "location.location", "fields": {"city": "Gaza", "country": "Palestine", "lat": "31.522361", "lng": "34.458618"}},
    {"pk": 11, "model": "location.location", "fields": {"city": "London", "country": "United Kingdom", "lat": "51.508742", "lng": "-0.175781"}},
    {"pk": 12, "model": "location.location", "fields": {"city": "Lake Turkana", "country": "Kenya", "lat": "3.95", "lng": "36.01"}},

    {"pk": 1, "model": "statistic.blogviewsummary", "fields": {"blog": 1, "totalcount":0}},
	{"pk": 2, "model": "statistic.blogviewsummary", "fields": {"blog": 2, "totalcount":0}},
	{"pk": 3, "model": "statistic.blogviewsummary", "fields": {"blog": 3, "totalcount":0}},
	{"pk": 4, "model": "statistic.blogviewsummary", "fields": {"blog": 4, "totalcount":0}},
	{"pk": 5, "model": "statistic.blogviewsummary", "fields": {"blog": 5, "totalcount":0}},
	{"pk": 6, "model": "statistic.blogviewsummary", "fields": {"blog": 6, "totalcount":0}},
	{"pk": 7, "model": "statistic.blogviewsummary", "fields": {"blog": 7, "totalcount":0}},
	{"pk": 8, "model": "statistic.blogviewsummary", "fields": {"blog": 8, "totalcount":0}},
	{"pk": 9, "model": "statistic.blogviewsummary", "fields": {"blog": 9, "totalcount":0}},
	{"pk": 10, "model": "statistic.blogviewsummary", "fields": {"blog": 10, "totalcount":0}},
	{"pk": 11, "model": "statistic.blogviewsummary", "fields": {"blog": 11, "totalcount":0}},
	{"pk": 12, "model": "statistic.blogviewsummary", "fields": {"blog": 12, "totalcount":0}},
	{"pk": 13, "model": "statistic.blogviewsummary", "fields": {"blog": 13, "totalcount":0}},
	{"pk": 14, "model": "statistic.blogviewsummary", "fields": {"blog": 14, "totalcount":0}},
	{"pk": 15, "model": "statistic.blogviewsummary", "fields": {"blog": 15, "totalcount":0}},
	{"pk": 16, "model": "statistic.blogviewsummary", "fields": {"blog": 16, "totalcount":0}},
	{"pk": 17, "model": "statistic.blogviewsummary", "fields": {"blog": 17, "totalcount":0}},
	{"pk": 18, "model": "statistic.blogviewsummary", "fields": {"blog": 18, "totalcount":0}},
	{"pk": 19, "model": "statistic.blogviewsummary", "fields": {"blog": 19, "totalcount":0}},
	{"pk": 20, "model": "statistic.blogviewsummary", "fields": {"blog": 20, "totalcount":0}},
	{"pk": 21, "model": "statistic.blogviewsummary", "fields": {"blog": 21, "totalcount":0}},
	{"pk": 22, "model": "statistic.blogviewsummary", "fields": {"blog": 22, "totalcount":0}},
	{"pk": 23, "model": "statistic.blogviewsummary", "fields": {"blog": 23, "totalcount":0}},
	{"pk": 24, "model": "statistic.blogviewsummary", "fields": {"blog": 24, "totalcount":0}},
	{"pk": 25, "model": "statistic.blogviewsummary", "fields": {"blog": 25, "totalcount":0}},

    {"pk": 1, "model": "account.userprofile", "fields": {"first_name": "Oxfam", "last_name": "Livestories", "job_title":"Live Stories Admin", "office":"Oxfam GB", "avatar": "./images/account/1/avatar.jpg", "user": 1, "timezone": "UTC", "notification_viewed":"2012-01-01 00:00:00"}},
	{"pk": 1, "model": "auth.user", "fields": {"username": "oxfam_live", "email": "support@opendream.co.th", "first_name": "Oxfam", "last_name": "Livestories", "is_active": true, "is_superuser": true, "is_staff": true, "last_login": "2012-03-28 07:53:36", "groups": [], "user_permissions": [], "password": "sha1$1ffd5$6b1895efff5b446083ccef3210f0df3153e9ed74", "date_joined": "2012-01-01 00:00:00"}}
]
