[
	{"pk": 1, "model": "djkombu.queue", "fields": {"name": "celery"}},
	{"pk": 2, "model": "djkombu.queue", "fields": {"name": "crosalot.local.celeryd.pidbox"}}, 
	{"pk": 1, "model": "djkombu.message", "fields": {"queue": 1, "visible": false, "sent_at": "2012-03-28 08:08:10", "payload": "{\"body\":\"KGRwMQpTJ3JldHJpZXMnCnAyCkkwCnNTJ3Rhc2snCnAzClMnYWNjb3VudC50YXNrcy5zZW5kX2ludml0ZScKcDQKc1MnYXJncycKcDUKKChscDYKKGRwNwpTJ2FjdGl2YXRlX2xpbmsnCnA4ClMnaHR0cDovLzEwLjAuMS4xMjo4MDAwL2FjY291bnQvYWN0aXZhdGUvYzYzYjVmNzRhMzNlMmU1YjQ1MTdiMzkxNGRhYjYx LycKcDkKc1MnZW1haWwnCnAxMApWaWtodW50dWNrQGdtYWlsLmNvbQpwMTEKc2FTJ2h0dHA6Ly8xMC4w LjEuMTI6ODAwMC8nCnAxMgp0cDEzCnNTJ2V4cGlyZXMnCnAxNApOc1MnZXRhJwpwMTUKTnNTJ2t3YXJn cycKcDE2CihkcDE3CnNTJ2lkJwpwMTgKUydiMjVhOTYzNS1iY2U2LTRhNTMtOGQ3My1mNmI0MjM4Nzdm ODEnCnAxOQpzLg==\", \"headers\": {}, \"content-type\": \"application/x-python-serialize\", \"properties\": {\"body_encoding\": \"base64\", \"delivery_info\": {\"priority\": 0, \"routing_key\": \"celery\", \"exchange\": \"celery\"}, \"delivery_mode\": 2, \"delivery_tag\": 1}, \"content-encoding\": \"binary\"}"}}, 
	{"pk": 1, "model": "djcelery.taskmeta", "fields": {"status": "SUCCESS", "date_done": "2012-03-28 08:09:10", "traceback": null, "result": null, "task_id": "b25a9635-bce6-4a53-8d73-f6b423877f81"}}, 

	{"pk": 1, "model": "blog.category", "fields": {"code": "campaigns", "name": "Campaigns"}}, 
	{"pk": 2, "model": "blog.category", "fields": {"code": "climate-change", "name": "Climate change"}}, 
	{"pk": 3, "model": "blog.category", "fields": {"code": "creativity", "name": "Creativity"}}, 
	{"pk": 4, "model": "blog.category", "fields": {"code": "food-security", "name": "Food security"}}, 
	{"pk": 5, "model": "blog.category", "fields": {"code": "growing", "name": "Growing"}}, 
	{"pk": 6, "model": "blog.category", "fields": {"code": "governance", "name": "Governance"}}, 
	{"pk": 7, "model": "blog.category", "fields": {"code": "helping-people", "name": "Helping People"}}, 
	{"pk": 8, "model": "blog.category", "fields": {"code": "humanitarian", "name": "Humanitarian"}}, 
	{"pk": 9, "model": "blog.category", "fields": {"code": "innovation", "name": "Innovation"}}, 
	{"pk": 10, "model": "blog.category", "fields": {"code": "inspiring-projects", "name": "Inspiring Projects"}}, 
	{"pk": 11, "model": "blog.category", "fields": {"code": "leadership", "name": "Leadership"}}, 
	{"pk": 12, "model": "blog.category", "fields": {"code": "learning", "name": "Learning"}}, 
	{"pk": 13, "model": "blog.category", "fields": {"code": "livelihoods", "name": "Livelihoods"}}, 
	{"pk": 14, "model": "blog.category", "fields": {"code": "motivation", "name": "Motivation"}}, 
	{"pk": 15, "model": "blog.category", "fields": {"code": "partnership", "name": "Partnership"}}, 
	{"pk": 16, "model": "blog.category", "fields": {"code": "people", "name": "People"}}, 
	{"pk": 17, "model": "blog.category", "fields": {"code": "role-models", "name": "Role Models"}}, 
	{"pk": 18, "model": "blog.category", "fields": {"code": "women", "name": "Women"}}, 
	{"pk": 19, "model": "blog.category", "fields": {"code": "womens-leadership", "name": "Women's leadership"}}, 
	{"pk": 20, "model": "blog.category", "fields": {"code": "womens-rights", "name": "Women's rights"}}, 
	{"pk": 21, "model": "blog.category", "fields": {"code": "working-together", "name": "Working together"}}, 
	{"pk": 22, "model": "blog.category", "fields": {"code": "no-category", "name": "No category"}}, 
	
	{"pk": 1, "model": "blog.blog", "fields": {"category": 1, "location": 1, "mood": 6, "title": "Lorem Ipsum is simply dummy text", "image": "./images/blog/1/1/blog_1.jpg", "published": "2012-03-28 08:24:04", "modified": "2012-03-28 08:24:04", "private": false, "draft": false, "user": 1, "allow_download": true, "trash": false, "description": "Lorem Ipsum is simply dummy text of the printing and typesetting industry. Lorem Ipsum has been the industry's standard dummy text ever since the 1500s, when an unknown printer took a galley of type and scrambled it to make a type specimen book. It has survived not only five centuries"}}, 
	{"pk": 2, "model": "blog.blog", "fields": {"category": 3, "location": 2, "mood": 1, "title": "Lorem Ipsum is that it has a more-or-less", "image": "./images/blog/1/2/blog_2.jpg", "published": "2012-03-28 08:26:17", "modified": "2012-03-28 08:26:17", "private": false, "draft": false, "user": 1, "allow_download": true, "trash": false, "description": "Lorem Ipsum is simply dummy text of the printing and typesetting industry. Lorem Ipsum has been the industry's standard dummy text ever since the 1500s, when an unknown printer took a galley of type and scrambled it to make a type specimen book. It has survived not only five centuries"}}, 
	{"pk": 3, "model": "blog.blog", "fields": {"category": 2, "location": 3, "mood": 4, "title": "Lorem Ipsum", "image": "./images/blog/1/3/blog_3.jpg", "published": "2012-03-28 08:28:40", "modified": "2012-03-28 08:28:40", "private": false, "draft": false, "user": 1, "allow_download": true, "trash": false, "description": "There are many variations of passages of Lorem Ipsum available, but the majority have suffered alteration in some form"}}, 
	{"pk": 4, "model": "blog.blog", "fields": {"category": 5, "location": 4, "mood": 6, "title": "It is a long established fact", "image": "./images/blog/1/4/blog_4.jpg", "published": "2012-03-28 08:30:47", "modified": "2012-03-28 08:30:47", "private": false, "draft": false, "user": 1, "allow_download": true, "trash": false, "description": "Content here, content here', making it look like readable English. Many desktop publishing packages and web page editors now use Lorem Ipsum as their default model text"}}, 
	{"pk": 5, "model": "blog.blog", "fields": {"category": 4, "location": 5, "mood": 5, "title": "Lorem Ipsum is that it has a more-or-less", "image": "./images/blog/1/5/blog_5.jpg", "published": "2012-03-28 08:32:46", "modified": "2012-03-28 08:32:46", "private": false, "draft": false, "user": 1, "allow_download": true, "trash": false, "description": "There are many variations of passages of Lorem Ipsum available, but the majority have suffered alteration in some form"}}, 
	{"pk": 6, "model": "blog.blog", "fields": {"category": 7, "location": 6, "mood": 7, "title": "Contrary to popular belief", "image": "./images/blog/1/6/blog_6.jpg", "published": "2012-03-28 08:35:21", "modified": "2012-03-28 08:35:21", "private": false, "draft": false, "user": 1, "allow_download": true, "trash": false, "description": "Lorem Ipsum which looks reasonable. The generated Lorem Ipsum is therefore always free from repetition, injected humour, or non-characteristic words etc."}}, 
	{"pk": 7, "model": "blog.blog", "fields": {"category": 7, "location": 7, "mood": 3, "title": "Contrary to popular belief", "image": "./images/blog/1/7/blog_7.jpg", "published": "2012-03-28 08:40:20", "modified": "2012-03-28 08:40:20", "private": false, "draft": false, "user": 1, "allow_download": true, "trash": false, "description": "Internet tend to repeat predefined chunks as necessary, making this the first true generator on the Internet"}}, 
	{"pk": 8, "model": "blog.blog", "fields": {"category": 4, "location": 1, "mood": 8, "title": "The standard chunk of Lorem Ipsum", "image": "./images/blog/1/8/blog_8.jpg", "published": "2012-03-28 08:41:55", "modified": "2012-03-28 08:41:55", "private": false, "draft": false, "user": 1, "allow_download": true, "trash": false, "description": "accompanied by English versions from the 1914 translation by H. Rackham"}}, 
	{"pk": 9, "model": "blog.blog", "fields": {"category": 6, "location": 5, "mood": 6, "title": "There are many variations of passages", "image": "./images/blog/1/9/blog_9.jpg", "published": "2012-03-28 08:43:14", "modified": "2012-03-28 08:43:14", "private": false, "draft": false, "user": 1, "allow_download": true, "trash": false, "description": "Lorem Ipsum available, but the majority have suffered alteration in some form"}}, 
	{"pk": 10, "model": "blog.blog", "fields": {"category": 8, "location": 7, "mood": 7, "title": "Lorem Ipsum available, but the majority have suffered", "image": "./images/blog/1/10/blog_10.jpg", "published": "2012-03-28 08:45:24", "modified": "2012-03-28 08:45:24", "private": false, "draft": false, "user": 1, "allow_download": true, "trash": false, "description": "Lorem Ipsum is therefore always free from repetition, injected humour, or non-characteristic words etc."}}, 
	{"pk": 11, "model": "blog.blog", "fields": {"category": 6, "location": 3, "mood": 10, "title": "The standard chunk of Lorem Ipsum", "image": "./images/blog/1/11/blog_11.jpg", "published": "2012-03-28 08:46:36", "modified": "2012-03-28 08:46:36", "private": false, "draft": false, "user": 1, "allow_download": true, "trash": false, "description": "English versions from the 1914 translation by H. Rackham"}}, 
	{"pk": 12, "model": "blog.blog", "fields": {"category": 4, "location": 8, "mood": 7, "title": "Donec ullamcorper nulla non metus auctor fringilla.", "image": "./images/blog/2/12/blog_12.jpg", "published": "2012-03-28 09:15:29", "modified": "2012-03-28 10:08:29", "private": false, "draft": false, "user": 2, "allow_download": true, "trash": false, "description": "Aenean eu leo quam. Pellentesque ornare sem lacinia quam venenatis vestibulum. Donec ullamcorper nulla non metus auctor fringilla. Morbi leo risus, porta ac consectetur ac, vestibulum at eros. Vestibulum id ligula porta felis euismod semper."}}, 
	{"pk": 13, "model": "blog.blog", "fields": {"category": 7, "location": 13, "mood": 3, "title": "Nullam id dolor id nibh ultricies vehicula ut id elit.", "image": "./images/blog/2/13/blog_13.jpg", "published": "2012-03-28 09:25:40", "modified": "2012-03-28 10:08:18", "private": false, "draft": false, "user": 2, "allow_download": true, "trash": false, "description": "Aenean eu leo quam. Pellentesque ornare sem lacinia quam venenatis vestibulum. Donec ullamcorper nulla non metus auctor fringilla. Morbi leo risus, porta ac consectetur ac, vestibulum at eros. Vestibulum id ligula porta felis euismod semper."}}, 
	{"pk": 14, "model": "blog.blog", "fields": {"category": 4, "location": 10, "mood": 6, "title": "Cum sociis natoque penatibus et magnis dis parturient montes, nascetur ridiculus mus.", "image": "./images/blog/2/14/blog_14.jpg", "published": "2012-03-28 09:26:42", "modified": "2012-03-28 10:08:05", "private": false, "draft": false, "user": 2, "allow_download": true, "trash": false, "description": "Duis mollis, est non commodo luctus, nisi erat porttitor ligula, eget lacinia odio sem nec elit. Nulla vitae elit libero, a pharetra augue. Maecenas sed diam eget risus varius blandit sit amet non magna. "}}, 
	{"pk": 15, "model": "blog.blog", "fields": {"category": 4, "location": 11, "mood": 5, "title": "Donec ullamcorper nulla non metus auctor fringilla.", "image": "./images/blog/2/15/blog_15.jpg", "published": "2012-03-28 09:28:13", "modified": "2012-03-28 10:07:44", "private": false, "draft": false, "user": 2, "allow_download": true, "trash": false, "description": "Praesent commodo cursus magna, vel scelerisque nisl consectetur et. Nullam id dolor id nibh ultricies vehicula ut id elit. Curabitur blandit tempus porttitor."}}, 
	{"pk": 16, "model": "blog.blog", "fields": {"category": 4, "location": 12, "mood": 7, "title": "Cras justo odio, dapibus ac facilisis in, egestas eget quam.", "image": "./images/blog/2/16/blog_16.jpg", "published": "2012-03-28 09:29:54", "modified": "2012-03-28 09:29:54", "private": false, "draft": false, "user": 2, "allow_download": true, "trash": false, "description": "Cras justo odio, dapibus ac facilisis in, egestas eget quam. Sed posuere consectetur est at lobortis. Sed posuere consectetur est at lobortis. Duis mollis, est non commodo luctus, nisi erat porttitor ligula, eget lacinia odio sem nec elit. Aenean lacinia bibendum nulla sed consectetur."}}, 
	{"pk": 17, "model": "blog.blog", "fields": {"category": 9, "location": 2, "mood": 2, "title": "Lorem ipsum dolor sit amet, consectetur adipiscing elit.", "image": "./images/blog/2/17/blog_17.jpg", "published": "2012-03-28 09:30:55", "modified": "2012-03-28 10:03:39", "private": false, "draft": false, "user": 2, "allow_download": true, "trash": false, "description": "Cras justo odio, dapibus ac facilisis in, egestas eget quam. Sed posuere consectetur est at lobortis. Sed posuere consectetur est at lobortis. Duis mollis, est non commodo luctus, nisi erat porttitor ligula, eget lacinia odio sem nec elit. Aenean lacinia bibendum nulla sed consectetur."}}, 
	{"pk": 18, "model": "blog.blog", "fields": {"category": 5, "location": 13, "mood": 7, "title": "Lorem ipsum dolor sit amet, consectetur adipiscing elit.", "image": "./images/blog/2/18/blog_18.jpg", "published": "2012-03-28 09:32:09", "modified": "2012-03-28 10:07:19", "private": false, "draft": false, "user": 2, "allow_download": true, "trash": false, "description": "Cras justo odio, dapibus ac facilisis in, egestas eget quam. Sed posuere consectetur est at lobortis. Sed posuere consectetur est at lobortis. Duis mollis, est non commodo luctus, nisi erat porttitor ligula, eget lacinia odio sem nec elit. Aenean lacinia bibendum nulla sed consectetur."}}, 
	{"pk": 19, "model": "blog.blog", "fields": {"category": 5, "location": 12, "mood": 5, "title": "Lorem ipsum dolor sit amet, consectetur adipiscing elit. ", "image": "./images/blog/2/19/blog_19.jpg", "published": "2012-03-28 09:32:58", "modified": "2012-03-28 10:06:57", "private": false, "draft": false, "user": 2, "allow_download": true, "trash": false, "description": "Cras justo odio, dapibus ac facilisis in, egestas eget quam. Sed posuere consectetur est at lobortis. Sed posuere consectetur est at lobortis. Duis mollis, est non commodo luctus, nisi erat porttitor ligula, eget lacinia odio sem nec elit. Aenean lacinia bibendum nulla sed consectetur."}}, 
	{"pk": 20, "model": "blog.blog", "fields": {"category": 4, "location": 8, "mood": 4, "title": "Lorem ipsum dolor sit amet, consectetur adipiscing elit.", "image": "./images/blog/2/20/blog_20.jpg", "published": "2012-03-28 09:34:12", "modified": "2012-03-28 10:05:46", "private": false, "draft": false, "user": 2, "allow_download": true, "trash": false, "description": "Cras justo odio, dapibus ac facilisis in, egestas eget quam. Sed posuere consectetur est at lobortis. Sed posuere consectetur est at lobortis. Duis mollis, est non commodo luctus, nisi erat porttitor ligula, eget lacinia odio sem nec elit. Aenean lacinia bibendum nulla sed consectetur."}}, 
	{"pk": 21, "model": "blog.blog", "fields": {"category": 8, "location": 3, "mood": 2, "title": "Lorem ipsum dolor sit amet, consectetur adipiscing elit.", "image": "./images/blog/2/21/blog_21.jpg", "published": "2012-03-28 09:35:03", "modified": "2012-03-28 10:05:27", "private": false, "draft": false, "user": 2, "allow_download": true, "trash": false, "description": "Cras justo odio, dapibus ac facilisis in, egestas eget quam. Sed posuere consectetur est at lobortis. Sed posuere consectetur est at lobortis. Duis mollis, est non commodo luctus, nisi erat porttitor ligula, eget lacinia odio sem nec elit. Aenean lacinia bibendum nulla sed consectetur."}}, 
	{"pk": 22, "model": "blog.blog", "fields": {"category": 1, "location": 1, "mood": 7, "title": "Lorem ipsum dolor sit amet, consectetur adipiscing elit.", "image": "./images/blog/2/22/blog_22.jpg", "published": "2012-03-28 09:37:16", "modified": "2012-03-28 10:05:11", "private": false, "draft": false, "user": 2, "allow_download": true, "trash": false, "description": "Cras justo odio, dapibus ac facilisis in, egestas eget quam. Sed posuere consectetur est at lobortis. Sed posuere consectetur est at lobortis. Duis mollis, est non commodo luctus, nisi erat porttitor ligula, eget lacinia odio sem nec elit. Aenean lacinia bibendum nulla sed consectetur."}}, 
	{"pk": 23, "model": "blog.blog", "fields": {"category": 11, "location": 1, "mood": 5, "title": "Lorem ipsum dolor sit amet, consectetur adipiscing elit.", "image": "./images/blog/2/23/blog_23.jpg", "published": "2012-03-28 09:39:02", "modified": "2012-03-28 09:39:02", "private": false, "draft": false, "user": 2, "allow_download": true, "trash": false, "description": "Cras justo odio, dapibus ac facilisis in, egestas eget quam. Sed posuere consectetur est at lobortis. Sed posuere consectetur est at lobortis. Duis mollis, est non commodo luctus, nisi erat porttitor ligula, eget lacinia odio sem nec elit. Aenean lacinia bibendum nulla sed consectetur."}}, 
	{"pk": 24, "model": "blog.blog", "fields": {"category": 14, "location": 11, "mood": 10, "title": "Lorem ipsum dolor sit amet, consectetur adipiscing elit.", "image": "./images/blog/2/24/blog_24.jpg", "published": "2012-03-28 09:47:13", "modified": "2012-03-28 09:47:13", "private": false, "draft": false, "user": 2, "allow_download": true, "trash": false, "description": "Cras justo odio, dapibus ac facilisis in, egestas eget quam. Sed posuere consectetur est at lobortis. Sed posuere consectetur est at lobortis. Duis mollis, est non commodo luctus, nisi erat porttitor ligula, eget lacinia odio sem nec elit. Aenean lacinia bibendum nulla sed consectetur."}}, 
	{"pk": 25, "model": "blog.blog", "fields": {"category": 12, "location": 5, "mood": 4, "title": "Lorem ipsum dolor sit amet, consectetur adipiscing elit.", "image": "./images/blog/2/25/blog_25.jpg", "published": "2012-03-28 09:48:42", "modified": "2012-03-28 09:52:50", "private": false, "draft": false, "user": 2, "allow_download": true, "trash": false, "description": "Cras justo odio, dapibus ac facilisis in, egestas eget quam. Sed posuere consectetur est at lobortis. Sed posuere consectetur est at lobortis. Duis mollis, est non commodo luctus, nisi erat porttitor ligula, eget lacinia odio sem nec elit. Aenean lacinia bibendum nulla sed consectetur."}}, 
	{"pk": 26, "model": "blog.blog", "fields": {"category": 16, "location": 12, "mood": 8, "title": "Lorem ipsum dolor sit amet, consectetur adipiscing elit.", "image": "./images/blog/2/26/blog_26.jpg", "published": "2012-03-28 09:53:48", "modified": "2012-03-28 09:53:48", "private": false, "draft": false, "user": 2, "allow_download": true, "trash": false, "description": "Cras justo odio, dapibus ac facilisis in, egestas eget quam. Sed posuere consectetur est at lobortis. Sed posuere consectetur est at lobortis. Duis mollis, est non commodo luctus, nisi erat porttitor ligula, eget lacinia odio sem nec elit. Aenean lacinia bibendum nulla sed consectetur."}}, 
	{"pk": 27, "model": "blog.blog", "fields": {"category": 19, "location": 5, "mood": 9, "title": "Lorem ipsum dolor sit amet, consectetur adipiscing elit.", "image": "./images/blog/2/27/blog_27.jpg", "published": "2012-03-28 09:55:04", "modified": "2012-03-28 09:55:04", "private": false, "draft": false, "user": 2, "allow_download": true, "trash": false, "description": "Cras justo odio, dapibus ac facilisis in, egestas eget quam. Sed posuere consectetur est at lobortis. Sed posuere consectetur est at lobortis. Duis mollis, est non commodo luctus, nisi erat porttitor ligula, eget lacinia odio sem nec elit. Aenean lacinia bibendum nulla sed consectetur."}}, 
	{"pk": 28, "model": "blog.blog", "fields": {"category": 12, "location": 14, "mood": 1, "title": "Lorem ipsum dolor sit amet, consectetur adipiscing elit.", "image": "./images/blog/2/28/blog_28.jpg", "published": "2012-03-28 09:56:00", "modified": "2012-03-28 09:56:00", "private": false, "draft": false, "user": 2, "allow_download": true, "trash": false, "description": "Cras justo odio, dapibus ac facilisis in, egestas eget quam. Sed posuere consectetur est at lobortis. Sed posuere consectetur est at lobortis. Duis mollis, est non commodo luctus, nisi erat porttitor ligula, eget lacinia odio sem nec elit. Aenean lacinia bibendum nulla sed consectetur."}}, 
	{"pk": 29, "model": "blog.blog", "fields": {"category": 15, "location": 1, "mood": 10, "title": "Lorem ipsum dolor sit amet, consectetur adipiscing elit.", "image": "./images/blog/2/29/blog_29.jpg", "published": "2012-03-28 09:56:50", "modified": "2012-03-28 09:56:50", "private": false, "draft": false, "user": 2, "allow_download": true, "trash": false, "description": "Cras justo odio, dapibus ac facilisis in, egestas eget quam. Sed posuere consectetur est at lobortis. Sed posuere consectetur est at lobortis. Duis mollis, est non commodo luctus, nisi erat porttitor ligula, eget lacinia odio sem nec elit. Aenean lacinia bibendum nulla sed consectetur."}}, 
	{"pk": 30, "model": "blog.blog", "fields": {"category": 16, "location": 5, "mood": 5, "title": "Lorem ipsum dolor sit amet, consectetur adipiscing elit.", "image": "./images/blog/2/30/blog_30.jpg", "published": "2012-03-28 09:58:01", "modified": "2012-03-28 09:58:01", "private": false, "draft": false, "user": 2, "allow_download": true, "trash": false, "description": "Cras justo odio, dapibus ac facilisis in, egestas eget quam. Sed posuere consectetur est at lobortis. Sed posuere consectetur est at lobortis. Duis mollis, est non commodo luctus, nisi erat porttitor ligula, eget lacinia odio sem nec elit. Aenean lacinia bibendum nulla sed consectetur."}}, 
	{"pk": 31, "model": "blog.blog", "fields": {"category": 13, "location": 6, "mood": 2, "title": "Lorem ipsum dolor sit amet, consectetur adipiscing elit.", "image": "./images/blog/2/31/blog_31.jpg", "published": "2012-03-28 10:03:07", "modified": "2012-03-28 10:03:07", "private": false, "draft": false, "user": 2, "allow_download": true, "trash": false, "description": "Cras justo odio, dapibus ac facilisis in, egestas eget quam. Sed posuere consectetur est at lobortis. Sed posuere consectetur est at lobortis. Duis mollis, est non commodo luctus, nisi erat porttitor ligula, eget lacinia odio sem nec elit. Aenean lacinia bibendum nulla sed consectetur."}}, 
	
	{"pk": 1, "model": "statistic.blogviewsummary", "fields": {"blog": 1, "totalcount":0}}, 
	{"pk": 2, "model": "statistic.blogviewsummary", "fields": {"blog": 2, "totalcount":0}}, 
	{"pk": 3, "model": "statistic.blogviewsummary", "fields": {"blog": 3, "totalcount":0}}, 
	{"pk": 4, "model": "statistic.blogviewsummary", "fields": {"blog": 4, "totalcount":0}}, 
	{"pk": 5, "model": "statistic.blogviewsummary", "fields": {"blog": 5, "totalcount":0}}, 
	{"pk": 6, "model": "statistic.blogviewsummary", "fields": {"blog": 6, "totalcount":0}}, 
	{"pk": 7, "model": "statistic.blogviewsummary", "fields": {"blog": 7, "totalcount":0}}, 
	{"pk": 8, "model": "statistic.blogviewsummary", "fields": {"blog": 8, "totalcount":0}}, 
	{"pk": 9, "model": "statistic.blogviewsummary", "fields": {"blog": 9, "totalcount":0}}, 
	{"pk": 10, "model": "statistic.blogviewsummary", "fields": {"blog": 10, "totalcount":0}}, 
	{"pk": 11, "model": "statistic.blogviewsummary", "fields": {"blog": 11, "totalcount":0}}, 
	{"pk": 12, "model": "statistic.blogviewsummary", "fields": {"blog": 12, "totalcount":0}}, 
	{"pk": 13, "model": "statistic.blogviewsummary", "fields": {"blog": 13, "totalcount":0}}, 
	{"pk": 14, "model": "statistic.blogviewsummary", "fields": {"blog": 14, "totalcount":0}}, 
	{"pk": 15, "model": "statistic.blogviewsummary", "fields": {"blog": 15, "totalcount":0}}, 
	{"pk": 16, "model": "statistic.blogviewsummary", "fields": {"blog": 16, "totalcount":0}}, 
	{"pk": 17, "model": "statistic.blogviewsummary", "fields": {"blog": 17, "totalcount":0}}, 
	{"pk": 18, "model": "statistic.blogviewsummary", "fields": {"blog": 18, "totalcount":0}}, 
	{"pk": 19, "model": "statistic.blogviewsummary", "fields": {"blog": 19, "totalcount":0}}, 
	{"pk": 20, "model": "statistic.blogviewsummary", "fields": {"blog": 20, "totalcount":0}}, 
	{"pk": 21, "model": "statistic.blogviewsummary", "fields": {"blog": 21, "totalcount":0}}, 
	{"pk": 22, "model": "statistic.blogviewsummary", "fields": {"blog": 22, "totalcount":0}}, 
	{"pk": 23, "model": "statistic.blogviewsummary", "fields": {"blog": 23, "totalcount":0}}, 
	{"pk": 24, "model": "statistic.blogviewsummary", "fields": {"blog": 24, "totalcount":0}}, 
	{"pk": 25, "model": "statistic.blogviewsummary", "fields": {"blog": 25, "totalcount":0}}, 
	{"pk": 26, "model": "statistic.blogviewsummary", "fields": {"blog": 26, "totalcount":0}}, 
	{"pk": 27, "model": "statistic.blogviewsummary", "fields": {"blog": 27, "totalcount":0}}, 
	{"pk": 28, "model": "statistic.blogviewsummary", "fields": {"blog": 28, "totalcount":0}}, 
	{"pk": 29, "model": "statistic.blogviewsummary", "fields": {"blog": 29, "totalcount":0}}, 
	{"pk": 30, "model": "statistic.blogviewsummary", "fields": {"blog": 30, "totalcount":0}}, 
	{"pk": 31, "model": "statistic.blogviewsummary", "fields": {"blog": 31, "totalcount":0}}, 

	{"pk": 1, "model": "location.location", "fields": {"lat": "13.82031", "country": "Thailand", "lng": "100.6647101", "city": "Bangkok"}}, 
	{"pk": 2, "model": "location.location", "fields": {"lat": "7.9843109", "country": "Thailand", "lng": "98.3307468", "city": "Phuket"}}, 
	{"pk": 4, "model": "location.location", "fields": {"lat": "-8.4095178", "country": "Indonesia", "lng": "115.188916", "city": "Bali"}}, 
	{"pk": 5, "model": "location.location", "fields": {"lat": "19.0759837", "country": "India", "lng": "72.8776559", "city": "Mumbai"}}, 
	{"pk": 6, "model": "location.location", "fields": {"lat": "13.423799", "country": "Cambodia", "lng": "103.856324", "city": "Angkor"}}, 
	{"pk": 7, "model": "location.location", "fields": {"lat": "17.962769", "country": "Laos", "lng": "102.614429", "city": "Vientiane"}}, 
	{"pk": 9, "model": "location.location", "fields": {"lat": "19.75", "country": "Myanmar (Burma)", "lng": "96.1", "city": "Naypyitaw"}}, 
	{"pk": 10, "model": "location.location", "fields": {"lat": "11.558831", "country": "Cambodia", "lng": "104.917445", "city": "Phnom Penh"}}, 
	{"pk": 11, "model": "location.location", "fields": {"lat": "3.139003", "country": "Malaysia", "lng": "101.686855", "city": "Kuala Lumpur"}}, 
	{"pk": 12, "model": "location.location", "fields": {"lat": "1.2894365", "country": "Singapore", "lng": "103.8499802", "city": "Singapore"}}, 
	{"pk": 8, "model": "location.location", "fields": {"lat": "20.0656229", "country": "Laos", "lng": "102.6216211", "city": "Louangphabang"}}, 
	{"pk": 3, "model": "location.location", "fields": {"lat": "-6.211544", "country": "Indonesia", "lng": "106.845172", "city": "Jakarta Capital Region"}}, 
	{"pk": 14, "model": "location.location", "fields": {"lat": "14.6701192", "country": "Thailand", "lng": "99.0128926", "city": "Kanchanaburi"}}, 
	{"pk": 13, "model": "location.location", "fields": {"lat": "19.75", "country": "Myanmar", "lng": "96.1", "city": "Naypyitaw"}}, 
	{"pk": 1, "model": "taggit.tag", "fields": {"name": "Tank", "slug": "tank"}}, 
	{"pk": 2, "model": "taggit.tag", "fields": {"name": "children", "slug": "children"}}, 
	{"pk": 3, "model": "taggit.tag", "fields": {"name": "Paint", "slug": "paint"}}, 
	{"pk": 4, "model": "taggit.tag", "fields": {"name": "Rice", "slug": "rice"}}, 
	{"pk": 5, "model": "taggit.tag", "fields": {"name": "radio", "slug": "radio"}}, 
	{"pk": 6, "model": "taggit.tag", "fields": {"name": "Hot", "slug": "hot"}}, 
	{"pk": 7, "model": "taggit.tag", "fields": {"name": "Red", "slug": "red"}}, 
	{"pk": 8, "model": "taggit.tag", "fields": {"name": "Learning", "slug": "learning"}}, 
	{"pk": 9, "model": "taggit.tag", "fields": {"name": "herb", "slug": "herb"}}, 
	{"pk": 10, "model": "taggit.tag", "fields": {"name": "care", "slug": "care"}}, 
	{"pk": 11, "model": "taggit.tag", "fields": {"name": "hand", "slug": "hand"}}, 
	{"pk": 12, "model": "taggit.tag", "fields": {"name": "food", "slug": "food"}}, 
	{"pk": 13, "model": "taggit.tag", "fields": {"name": "man", "slug": "man"}}, 
	{"pk": 15, "model": "taggit.tag", "fields": {"name": "rice", "slug": "rice_1"}}, 
	{"pk": 16, "model": "taggit.tag", "fields": {"name": "student", "slug": "student"}}, 
	{"pk": 17, "model": "taggit.tag", "fields": {"name": "woman", "slug": "woman"}}, 
	{"pk": 18, "model": "taggit.tag", "fields": {"name": "freedom", "slug": "freedom"}}, 
	{"pk": 19, "model": "taggit.tag", "fields": {"name": "fishing", "slug": "fishing"}}, 
	{"pk": 20, "model": "taggit.tag", "fields": {"name": "farming", "slug": "farming"}}, 
	{"pk": 21, "model": "taggit.tag", "fields": {"name": "working", "slug": "working"}}, 
	{"pk": 22, "model": "taggit.tag", "fields": {"name": "water", "slug": "water"}}, 
	{"pk": 23, "model": "taggit.tag", "fields": {"name": "family", "slug": "family"}}, 
	{"pk": 24, "model": "taggit.tag", "fields": {"name": "lifestyle", "slug": "lifestyle"}}, 
	{"pk": 25, "model": "taggit.tag", "fields": {"name": "growing", "slug": "growing"}}, 
	{"pk": 26, "model": "taggit.tag", "fields": {"name": "help", "slug": "help"}}, 
	{"pk": 27, "model": "taggit.tag", "fields": {"name": "smile", "slug": "smile"}}, 
	{"pk": 1, "model": "taggit.taggeditem", "fields": {"tag": 1, "content_type": 22, "object_id": 1}}, 
	{"pk": 2, "model": "taggit.taggeditem", "fields": {"tag": 2, "content_type": 22, "object_id": 2}}, 
	{"pk": 3, "model": "taggit.taggeditem", "fields": {"tag": 3, "content_type": 22, "object_id": 3}}, 
	{"pk": 4, "model": "taggit.taggeditem", "fields": {"tag": 3, "content_type": 22, "object_id": 4}}, 
	{"pk": 5, "model": "taggit.taggeditem", "fields": {"tag": 4, "content_type": 22, "object_id": 5}}, 
	{"pk": 6, "model": "taggit.taggeditem", "fields": {"tag": 5, "content_type": 22, "object_id": 6}}, 
	{"pk": 7, "model": "taggit.taggeditem", "fields": {"tag": 5, "content_type": 22, "object_id": 7}}, 
	{"pk": 8, "model": "taggit.taggeditem", "fields": {"tag": 6, "content_type": 22, "object_id": 8}}, 
	{"pk": 9, "model": "taggit.taggeditem", "fields": {"tag": 7, "content_type": 22, "object_id": 8}}, 
	{"pk": 10, "model": "taggit.taggeditem", "fields": {"tag": 8, "content_type": 22, "object_id": 9}}, 
	{"pk": 11, "model": "taggit.taggeditem", "fields": {"tag": 9, "content_type": 22, "object_id": 10}}, 
	{"pk": 12, "model": "taggit.taggeditem", "fields": {"tag": 10, "content_type": 22, "object_id": 10}}, 
	{"pk": 13, "model": "taggit.taggeditem", "fields": {"tag": 11, "content_type": 22, "object_id": 11}}, 
	{"pk": 14, "model": "taggit.taggeditem", "fields": {"tag": 12, "content_type": 22, "object_id": 16}}, 
	{"pk": 15, "model": "taggit.taggeditem", "fields": {"tag": 12, "content_type": 22, "object_id": 23}}, 
	{"pk": 16, "model": "taggit.taggeditem", "fields": {"tag": 4, "content_type": 22, "object_id": 23}}, 
	{"pk": 17, "model": "taggit.taggeditem", "fields": {"tag": 13, "content_type": 22, "object_id": 24}}, 
	{"pk": 18, "model": "taggit.taggeditem", "fields": {"tag": 15, "content_type": 22, "object_id": 24}}, 
	{"pk": 20, "model": "taggit.taggeditem", "fields": {"tag": 4, "content_type": 22, "object_id": 25}}, 
	{"pk": 21, "model": "taggit.taggeditem", "fields": {"tag": 16, "content_type": 22, "object_id": 26}}, 
	{"pk": 22, "model": "taggit.taggeditem", "fields": {"tag": 2, "content_type": 22, "object_id": 26}}, 
	{"pk": 23, "model": "taggit.taggeditem", "fields": {"tag": 17, "content_type": 22, "object_id": 27}}, 
	{"pk": 24, "model": "taggit.taggeditem", "fields": {"tag": 18, "content_type": 22, "object_id": 27}}, 
	{"pk": 25, "model": "taggit.taggeditem", "fields": {"tag": 4, "content_type": 22, "object_id": 28}}, 
	{"pk": 26, "model": "taggit.taggeditem", "fields": {"tag": 17, "content_type": 22, "object_id": 28}}, 
	{"pk": 27, "model": "taggit.taggeditem", "fields": {"tag": 19, "content_type": 22, "object_id": 29}}, 
	{"pk": 28, "model": "taggit.taggeditem", "fields": {"tag": 13, "content_type": 22, "object_id": 29}}, 
	{"pk": 29, "model": "taggit.taggeditem", "fields": {"tag": 20, "content_type": 22, "object_id": 30}}, 
	{"pk": 30, "model": "taggit.taggeditem", "fields": {"tag": 4, "content_type": 22, "object_id": 30}}, 
	{"pk": 31, "model": "taggit.taggeditem", "fields": {"tag": 17, "content_type": 22, "object_id": 31}}, 
	{"pk": 32, "model": "taggit.taggeditem", "fields": {"tag": 21, "content_type": 22, "object_id": 31}}, 
	{"pk": 33, "model": "taggit.taggeditem", "fields": {"tag": 21, "content_type": 22, "object_id": 17}}, 
	{"pk": 34, "model": "taggit.taggeditem", "fields": {"tag": 17, "content_type": 22, "object_id": 17}}, 
	{"pk": 35, "model": "taggit.taggeditem", "fields": {"tag": 22, "content_type": 22, "object_id": 17}}, 
	{"pk": 36, "model": "taggit.taggeditem", "fields": {"tag": 12, "content_type": 22, "object_id": 17}}, 
	{"pk": 37, "model": "taggit.taggeditem", "fields": {"tag": 23, "content_type": 22, "object_id": 22}}, 
	{"pk": 38, "model": "taggit.taggeditem", "fields": {"tag": 24, "content_type": 22, "object_id": 22}}, 
	{"pk": 39, "model": "taggit.taggeditem", "fields": {"tag": 17, "content_type": 22, "object_id": 21}}, 
	{"pk": 40, "model": "taggit.taggeditem", "fields": {"tag": 12, "content_type": 22, "object_id": 20}}, 
	{"pk": 41, "model": "taggit.taggeditem", "fields": {"tag": 25, "content_type": 22, "object_id": 20}}, 
	{"pk": 42, "model": "taggit.taggeditem", "fields": {"tag": 20, "content_type": 22, "object_id": 19}}, 
	{"pk": 43, "model": "taggit.taggeditem", "fields": {"tag": 4, "content_type": 22, "object_id": 19}}, 
	{"pk": 44, "model": "taggit.taggeditem", "fields": {"tag": 2, "content_type": 22, "object_id": 18}}, 
	{"pk": 45, "model": "taggit.taggeditem", "fields": {"tag": 26, "content_type": 22, "object_id": 18}}, 
	{"pk": 46, "model": "taggit.taggeditem", "fields": {"tag": 17, "content_type": 22, "object_id": 15}}, 
	{"pk": 47, "model": "taggit.taggeditem", "fields": {"tag": 20, "content_type": 22, "object_id": 15}}, 
	{"pk": 48, "model": "taggit.taggeditem", "fields": {"tag": 12, "content_type": 22, "object_id": 14}}, 
	{"pk": 49, "model": "taggit.taggeditem", "fields": {"tag": 17, "content_type": 22, "object_id": 13}}, 
	{"pk": 50, "model": "taggit.taggeditem", "fields": {"tag": 27, "content_type": 22, "object_id": 13}}, 
	{"pk": 51, "model": "taggit.taggeditem", "fields": {"tag": 24, "content_type": 22, "object_id": 12}},

    {"pk": 1, "model": "account.userprofile", "fields": {"first_name": "AdminName", "last_name": "Lastname", "avatar": "", "user": 1, "timezone": "UTC", "notification_viewed":"2012-01-01 00:00:00"}},
    {"pk": 2, "model": "account.userprofile", "fields": {"first_name": "Thanyawan", "last_name": "Mingsong", "avatar": "./images/account/2/avatar.jpg", "user": 2, "timezone": "Asia/Bangkok", "notification_viewed":"2012-01-01 00:00:00"}},
	{"pk": 1, "model": "auth.user", "fields": {"username": "admin", "first_name": "", "last_name": "", "is_active": true, "is_superuser": true, "is_staff": true, "last_login": "2012-03-28 07:53:36", "groups": [], "user_permissions": [], "password": "sha1$1ffd5$6b1895efff5b446083ccef3210f0df3153e9ed74", "email": "admin@example.com", "date_joined": "2012-03-28 07:52:46"}},
	{"pk": 2, "model": "auth.user", "fields": {"username": "ikhuntuck", "first_name": "", "last_name": "", "is_active": true, "is_superuser": false, "is_staff": false, "last_login": "2012-03-28 08:10:06", "groups": [], "user_permissions": [], "password": "sha1$ac648$f1020d5b82c008a2bdd103c52ab8ff2ed4efc167", "email": "ikhuntuck@gmail.com", "date_joined": "2012-03-28 08:08:10"}}]