[{"pk": 19, "model": "contenttypes.contenttype", "fields": {"model": "account", "name": "account", "app_label": "account"}}, {"pk": 20, "model": "contenttypes.contenttype", "fields": {"model": "accountkey", "name": "account key", "app_label": "account"}}, {"pk": 22, "model": "contenttypes.contenttype", "fields": {"model": "blog", "name": "blog", "app_label": "blog"}}, {"pk": 21, "model": "contenttypes.contenttype", "fields": {"model": "category", "name": "category", "app_label": "blog"}}, {"pk": 5, "model": "contenttypes.contenttype", "fields": {"model": "contenttype", "name": "content type", "app_label": "contenttypes"}}, {"pk": 14, "model": "contenttypes.contenttype", "fields": {"model": "crontabschedule", "name": "crontab", "app_label": "djcelery"}}, {"pk": 2, "model": "contenttypes.contenttype", "fields": {"model": "group", "name": "group", "app_label": "auth"}}, {"pk": 13, "model": "contenttypes.contenttype", "fields": {"model": "intervalschedule", "name": "interval", "app_label": "djcelery"}}, {"pk": 24, "model": "contenttypes.contenttype", "fields": {"model": "location", "name": "location", "app_label": "location"}}, {"pk": 8, "model": "contenttypes.contenttype", "fields": {"model": "logentry", "name": "log entry", "app_label": "admin"}}, {"pk": 23, "model": "contenttypes.contenttype", "fields": {"model": "love", "name": "love", "app_label": "blog"}}, {"pk": 10, "model": "contenttypes.contenttype", "fields": {"model": "message", "name": "message", "app_label": "djkombu"}}, {"pk": 4, "model": "contenttypes.contenttype", "fields": {"model": "message", "name": "message", "app_label": "auth"}}, {"pk": 16, "model": "contenttypes.contenttype", "fields": {"model": "periodictask", "name": "periodic task", "app_label": "djcelery"}}, {"pk": 15, "model": "contenttypes.contenttype", "fields": {"model": "periodictasks", "name": "periodic tasks", "app_label": "djcelery"}}, {"pk": 1, "model": "contenttypes.contenttype", "fields": {"model": "permission", "name": "permission", "app_label": "auth"}}, {"pk": 9, "model": "contenttypes.contenttype", "fields": {"model": "queue", "name": "queue", "app_label": "djkombu"}}, {"pk": 6, "model": "contenttypes.contenttype", "fields": {"model": "session", "name": "session", "app_label": "sessions"}}, {"pk": 7, "model": "contenttypes.contenttype", "fields": {"model": "site", "name": "site", "app_label": "sites"}}, {"pk": 18, "model": "contenttypes.contenttype", "fields": {"model": "taskstate", "name": "task", "app_label": "djcelery"}}, {"pk": 11, "model": "contenttypes.contenttype", "fields": {"model": "taskmeta", "name": "task meta", "app_label": "djcelery"}}, {"pk": 12, "model": "contenttypes.contenttype", "fields": {"model": "tasksetmeta", "name": "taskset meta", "app_label": "djcelery"}}, {"pk": 3, "model": "contenttypes.contenttype", "fields": {"model": "user", "name": "user", "app_label": "auth"}}, {"pk": 17, "model": "contenttypes.contenttype", "fields": {"model": "workerstate", "name": "worker", "app_label": "djcelery"}}, {"pk": "511cb2fa188acdeaf2770c3ec27cab0e", "model": "sessions.session", "fields": {"expire_date": "2012-03-15 22:09:28", "session_data": "ZGRhZWJjYmIxYzhmY2Q0NmQ0MDA3ZTU2Zjk0ZDgwZWFmNTE2MDQ0MTqAAn1xAShVEl9hdXRoX3Vz\nZXJfYmFja2VuZHECVSlkamFuZ28uY29udHJpYi5hdXRoLmJhY2tlbmRzLk1vZGVsQmFja2VuZHED\nVQ1fYXV0aF91c2VyX2lkcQRLAnUu\n"}}, {"pk": "5210dfdcc7be9e7cace9c676325a9058", "model": "sessions.session", "fields": {"expire_date": "2012-03-15 22:41:01", "session_data": "OTg1ZmE0YWEyYTAxMDM5ZDVmZDYyYTYwYzFjOWNjMWU0YWM4MGI1ZTqAAn1xAVUKdGVzdGNvb2tp\nZXECVQZ3b3JrZWRxA3Mu\n"}}, {"pk": "e52af95057e103e522a40f2d78ce635c", "model": "sessions.session", "fields": {"expire_date": "2012-03-14 21:01:11", "session_data": "OGM1MmIwYzEwYzg1ZTMzZTEwMWNkNzkyYjlmYWNjYjhhZDM2MzEzMTqAAn1xAShVEl9hdXRoX3Vz\nZXJfYmFja2VuZHECVSlkamFuZ28uY29udHJpYi5hdXRoLmJhY2tlbmRzLk1vZGVsQmFja2VuZHED\nVQ1fYXV0aF91c2VyX2lkcQRLBHUu\n"}}, {"pk": "509f9a52b3a1a314c518693bc9bc0cac", "model": "sessions.session", "fields": {"expire_date": "2012-03-17 03:13:07", "session_data": "YzYyODE1Zjc0NjhiM2I4ZjRkYTEwOTU5M2NmMDQwZDE4OTQ0NjU5NDqAAn1xAShVEl9hdXRoX3Vz\nZXJfYmFja2VuZHECVSlkamFuZ28uY29udHJpYi5hdXRoLmJhY2tlbmRzLk1vZGVsQmFja2VuZHED\nVQ1fYXV0aF91c2VyX2lkcQRLA3Uu\n"}}, {"pk": "268bd1169a87f35c420f23ba5d632a8f", "model": "sessions.session", "fields": {"expire_date": "2012-03-18 22:23:59", "session_data": "ZGRhZWJjYmIxYzhmY2Q0NmQ0MDA3ZTU2Zjk0ZDgwZWFmNTE2MDQ0MTqAAn1xAShVEl9hdXRoX3Vz\nZXJfYmFja2VuZHECVSlkamFuZ28uY29udHJpYi5hdXRoLmJhY2tlbmRzLk1vZGVsQmFja2VuZHED\nVQ1fYXV0aF91c2VyX2lkcQRLAnUu\n"}}, {"pk": "8ac7504391735e8ae80eb7f39faf9c7a", "model": "sessions.session", "fields": {"expire_date": "2012-03-18 22:27:13", "session_data": "OTg1ZmE0YWEyYTAxMDM5ZDVmZDYyYTYwYzFjOWNjMWU0YWM4MGI1ZTqAAn1xAVUKdGVzdGNvb2tp\nZXECVQZ3b3JrZWRxA3Mu\n"}}, {"pk": "6a0b9661f34616039fe6313a735931ac", "model": "sessions.session", "fields": {"expire_date": "2012-03-18 23:44:58", "session_data": "MDE5OTI0N2FiZWRiYTA1YmI1YWE1Y2QyZTAyNzk5ZjViNzg1OGMxMDqAAn1xAShVEl9hdXRoX3Vz\nZXJfYmFja2VuZHECVSlkamFuZ28uY29udHJpYi5hdXRoLmJhY2tlbmRzLk1vZGVsQmFja2VuZHED\nVQ1fYXV0aF91c2VyX2lkcQRLAXUu\n"}}, {"pk": "9b15d64d6e2220a7635d4606137fea12", "model": "sessions.session", "fields": {"expire_date": "2012-03-18 22:42:17", "session_data": "ZGQ3NmFmZmZhZDBhYjk3YzdiYjE0NWY4ZWRjMWEwZjQ1Zjc3YTg5ZTqAAn1xAVUKdGVzdGNvb2tp\nZVUGd29ya2VkcQJzLg==\n"}}, {"pk": "9fa8e6245a07309fdecd5971ee86ca44", "model": "sessions.session", "fields": {"expire_date": "2012-03-19 02:43:17", "session_data": "YjBkOGZlNTkzMGYwNWM3OGNjZTQxZTk4NzA5OTU4NDVhNjUxZGI1YjqAAn1xAShVCnRlc3Rjb29r\naWVVBndvcmtlZHECVRJfYXV0aF91c2VyX2JhY2tlbmRVKWRqYW5nby5jb250cmliLmF1dGguYmFj\na2VuZHMuTW9kZWxCYWNrZW5kVQ1fYXV0aF91c2VyX2lkSwN1Lg==\n"}}, {"pk": "7778d578755bf73c59d6c7d7805d9e4e", "model": "sessions.session", "fields": {"expire_date": "2012-03-26 02:30:49", "session_data": "MDE5OTI0N2FiZWRiYTA1YmI1YWE1Y2QyZTAyNzk5ZjViNzg1OGMxMDqAAn1xAShVEl9hdXRoX3Vz\nZXJfYmFja2VuZHECVSlkamFuZ28uY29udHJpYi5hdXRoLmJhY2tlbmRzLk1vZGVsQmFja2VuZHED\nVQ1fYXV0aF91c2VyX2lkcQRLAXUu\n"}}, {"pk": 1, "model": "sites.site", "fields": {"domain": "example.com", "name": "example.com"}}, {"pk": 5, "model": "admin.logentry", "fields": {"action_flag": 1, "action_time": "2012-03-12 02:39:58", "object_repr": "admin has key admin", "object_id": "4", "change_message": "", "user": 1, "content_type": 20}}, {"pk": 4, "model": "admin.logentry", "fields": {"action_flag": 1, "action_time": "2012-03-12 02:39:33", "object_repr": "Admin  ", "object_id": "4", "change_message": "", "user": 1, "content_type": 19}}, {"pk": 3, "model": "admin.logentry", "fields": {"action_flag": 3, "action_time": "2012-03-12 02:34:03", "object_repr": "rutcreate@gmail.com", "object_id": "4", "change_message": "", "user": 1, "content_type": 3}}, {"pk": 2, "model": "admin.logentry", "fields": {"action_flag": 2, "action_time": "2012-02-29 02:53:31", "object_repr": "admin", "object_id": "1", "change_message": "Changed email.", "user": 1, "content_type": 3}}, {"pk": 1, "model": "admin.logentry", "fields": {"action_flag": 1, "action_time": "2012-02-29 02:43:28", "object_repr": "Other", "object_id": "1", "change_message": "", "user": 1, "content_type": 21}}, {"pk": 1, "model": "djkombu.queue", "fields": {"name": "celery"}}, {"pk": 2, "model": "djkombu.queue", "fields": {"name": "crosalot.local.celeryd.pidbox"}}, {"pk": 1, "model": "djkombu.message", "fields": {"queue": 1, "visible": false, "sent_at": "2012-02-29 02:46:09", "payload": "{\"body\": \"KGRwMQpTJ3JldHJpZXMnCnAyCkkwCnNTJ3Rhc2snCnAzClMnYWNjb3VudC50YXNrcy5zZW5kX2ludml0ZScKcDQKc1MnYXJncycKcDUKKChscDYKKGRwNwpTJ2FjdGl2YXRlX2xpbmsnCnA4ClMnaHR0cDovLzEwLjAuMS4xNDo4MDAwL2FjY291bnQvYWN0aXZhdGUvMjU2YjJmMjcxMDAxNDYyOWUxYzMyOWVjYWFjYWY1LycKcDkKc1MnZW1haWwnCnAxMApWaWtodW50dWNrQGdtYWlsLmNvbQpwMTEKc2FTJ2h0dHA6Ly8xMC4wLjEuMTQ6ODAwMC8nCnAxMgp0cDEzCnNTJ2V4cGlyZXMnCnAxNApOc1MnZXRhJwpwMTUKTnNTJ2t3YXJncycKcDE2CihkcDE3CnNTJ2lkJwpwMTgKUydmMjUxMjE0NC05MWNhLTQ1Y2MtOWNhMC01YTBiNzk4ZDJiMjEnCnAxOQpzLg==\", \"headers\": {}, \"content-type\": \"application/x-python-serialize\", \"properties\": {\"body_encoding\": \"base64\", \"delivery_info\": {\"priority\": 0, \"routing_key\": \"celery\", \"exchange\": \"celery\"}, \"delivery_mode\": 2, \"delivery_tag\": 1}, \"content-encoding\": \"binary\"}"}}, {"pk": 2, "model": "djkombu.message", "fields": {"queue": 1, "visible": false, "sent_at": "2012-02-29 02:53:42", "payload": "{\"body\": \"KGRwMQpTJ3JldHJpZXMnCnAyCkkwCnNTJ3Rhc2snCnAzClMnYWNjb3VudC50YXNrcy5zZW5kX2ludml0ZScKcDQKc1MnYXJncycKcDUKKChscDYKKGRwNwpTJ2FjdGl2YXRlX2xpbmsnCnA4ClMnaHR0cDovLzEwLjAuMS4xNDo4MDAwL2FjY291bnQvYWN0aXZhdGUvYmU1NGQ1YWIxMjNlZGM3ZDYxZDY5ZGJmNDMxYjBjLycKcDkKc1MnZW1haWwnCnAxMApWY3Jvc2Fsb3RAZ21haWwuY29tCnAxMQpzYVMnaHR0cDovLzEwLjAuMS4xNDo4MDAwLycKcDEyCnRwMTMKc1MnZXhwaXJlcycKcDE0Ck5zUydldGEnCnAxNQpOc1Mna3dhcmdzJwpwMTYKKGRwMTcKc1MnaWQnCnAxOApTJ2ViM2E4OGIwLTU4ZDMtNGE4NS1iNWU0LTMwNzU0YmZmY2EzMycKcDE5CnMu\", \"headers\": {}, \"content-type\": \"application/x-python-serialize\", \"properties\": {\"body_encoding\": \"base64\", \"delivery_info\": {\"priority\": 0, \"routing_key\": \"celery\", \"exchange\": \"celery\"}, \"delivery_mode\": 2, \"delivery_tag\": 2}, \"content-encoding\": \"binary\"}"}}, {"pk": 3, "model": "djkombu.message", "fields": {"queue": 1, "visible": false, "sent_at": "2012-02-29 21:00:39", "payload": "{\"body\": \"KGRwMQpTJ3JldHJpZXMnCnAyCkkwCnNTJ3Rhc2snCnAzClMnYWNjb3VudC50YXNrcy5zZW5kX2ludml0ZScKcDQKc1MnYXJncycKcDUKKChscDYKKGRwNwpTJ2FjdGl2YXRlX2xpbmsnCnA4ClMnaHR0cDovLzEwLjAuMS4xNDo4MDAwL2FjY291bnQvYWN0aXZhdGUvYmQ2ZDlkODkyN2JhNjAwNDg1ZTRkNjQ1ZmI3MzRmLycKcDkKc1MnZW1haWwnCnAxMApWcnV0Y3JlYXRlQGdtYWlsLmNvbQpwMTEKc2FTJ2h0dHA6Ly8xMC4wLjEuMTQ6ODAwMC8nCnAxMgp0cDEzCnNTJ2V4cGlyZXMnCnAxNApOc1MnZXRhJwpwMTUKTnNTJ2t3YXJncycKcDE2CihkcDE3CnNTJ2lkJwpwMTgKUyc4NjJiODQ1Ni04ZjQ3LTRiODEtOTFjOC03ZTQyMmNjMTkyZTgnCnAxOQpzLg==\", \"headers\": {}, \"content-type\": \"application/x-python-serialize\", \"properties\": {\"body_encoding\": \"base64\", \"delivery_info\": {\"priority\": 0, \"routing_key\": \"celery\", \"exchange\": \"celery\"}, \"delivery_mode\": 2, \"delivery_tag\": 1}, \"content-encoding\": \"binary\"}"}}, {"pk": 1, "model": "djcelery.taskmeta", "fields": {"status": "SUCCESS", "date_done": "2012-02-29 02:47:10", "traceback": null, "result": null, "task_id": "f2512144-91ca-45cc-9ca0-5a0b798d2b21"}}, {"pk": 2, "model": "djcelery.taskmeta", "fields": {"status": "SUCCESS", "date_done": "2012-02-29 02:53:54", "traceback": null, "result": null, "task_id": "eb3a88b0-58d3-4a85-b5e4-30754bffca33"}}, {"pk": 3, "model": "djcelery.taskmeta", "fields": {"status": "SUCCESS", "date_done": "2012-02-29 21:00:51", "traceback": null, "result": null, "task_id": "862b8456-8f47-4b81-91c8-7e422cc192e8"}}, {"pk": 2, "model": "account.account", "fields": {"lastname": "Vasinwattana", "image": "./images/account/3/avatar.jpg", "user": 3, "firstname": "Panudate"}}, {"pk": 1, "model": "account.account", "fields": {"lastname": "Mingsong", "image": "./images/account/2/avatar.jpg", "user": 2, "firstname": "Thanyawan"}}, {"pk": 4, "model": "account.account", "fields": {"lastname": " ", "image": "./images/account/1/avatar.jpg", "user": 1, "firstname": "Admin"}}, {"pk": 1, "model": "account.accountkey", "fields": {"user": 2, "can_send_mail": true, "key": "256b2f2710014629e1c329ecaacaf5", "modified": "2012-02-29 02:47:10"}}, {"pk": 2, "model": "account.accountkey", "fields": {"user": 3, "can_send_mail": true, "key": "be54d5ab123edc7d61d69dbf431b0c", "modified": "2012-02-29 02:53:54"}}, {"pk": 4, "model": "account.accountkey", "fields": {"user": 1, "can_send_mail": true, "key": "admin", "modified": "2012-03-12 02:39:58"}}, {"pk": 1, "model": "blog.category", "fields": {"code": "other", "name": "Other"}}, {"pk": 1, "model": "blog.blog", "fields": {"category": 1, "mood": 3, "title": "On the way", "image": "./images/blog/2/test.png", "created": "2012-02-29 03:21:34", "modified": "2012-02-29 03:21:34", "private": false, "draft": false, "user": 2, "location": 1, "description": "Lorem ipsum dolor sit amet, consectetur adipiscing elit. Curabitur sodales, nisl at consectetur imperdiet, neque risus mattis est, at mattis nisi justo non velit. Vivamus sit amet libero lacus, sed ullamcorper erat. Integer eros libero, viverra ac viverra et, vehicula non sapien."}}, {"pk": 4, "model": "blog.blog", "fields": {"category": 1, "mood": 5, "title": "Lorem ipsum dolor", "image": "./images/blog/2/test_3.png", "created": "2012-02-29 03:24:48", "modified": "2012-02-29 03:24:48", "private": false, "draft": false, "user": 2, "location": 1, "description": "Lorem ipsum dolor"}}, {"pk": 3, "model": "blog.blog", "fields": {"category": 1, "mood": 3, "title": "Lorem ipsum dolor", "image": "./images/blog/2/test_2.png", "created": "2012-02-29 03:23:51", "modified": "2012-02-29 03:23:53", "private": false, "draft": false, "user": 2, "location": 3, "description": "Lorem ipsum dolor sit amet, consectetur adipiscing elit."}}, {"pk": 2, "model": "blog.blog", "fields": {"category": 1, "mood": 5, "title": "Lorem ipsum dolor sit amet, consectetur adipiscing elit.", "image": "./images/blog/2/test_1.png", "created": "2012-02-29 03:22:50", "modified": "2012-02-29 03:24:02", "private": false, "draft": false, "user": 2, "location": 2, "description": "Lorem ipsum dolor sit amet, consectetur adipiscing elit. Curabitur sodales, nisl at consectetur imperdiet, neque risus mattis est, at mattis nisi justo non velit. Vivamus sit amet libero lacus, sed ullamcorper erat. Integer eros libero, viverra ac viverra et, vehicula non sapien."}}, {"pk": 5, "model": "blog.blog", "fields": {"category": 1, "mood": 3, "title": "Lorem ipsum dolor", "image": "./images/blog/2/test_4.png", "created": "2012-02-29 03:25:51", "modified": "2012-02-29 03:25:51", "private": false, "draft": false, "user": 2, "location": 1, "description": "Suspendisse aliquam venenatis nibh, sit amet molestie nisl ultrices a. Duis rhoncus pharetra consectetur. Nunc non massa felis, quis gravida odio. Praesent sed dolor nec nulla tempus rhoncus."}}, {"pk": 6, "model": "blog.blog", "fields": {"category": 1, "mood": 1, "title": "Suspendisse aliquam venenatis nibh, sit amet molestie nisl ultrices a.", "image": "./images/blog/2/test_5.png", "created": "2012-02-29 03:26:33", "modified": "2012-02-29 03:26:33", "private": false, "draft": false, "user": 2, "location": 3, "description": "Suspendisse aliquam venenatis nibh, sit amet molestie nisl ultrices a. Duis rhoncus pharetra consectetur. Nunc non massa felis, quis gravida odio. Praesent sed dolor nec nulla tempus rhoncus."}}, {"pk": 7, "model": "blog.blog", "fields": {"category": 1, "mood": 2, "title": "Pink flower", "image": "./images/blog/2/test_6.png", "created": "2012-02-29 03:27:28", "modified": "2012-02-29 03:27:28", "private": false, "draft": false, "user": 2, "location": 4, "description": "Suspendisse aliquam venenatis nibh, sit amet molestie nisl ultrices a. Suspendisse aliquam venenatis nibh, sit amet molestie nisl ultrices a."}}, {"pk": 8, "model": "blog.blog", "fields": {"category": 1, "mood": 4, "title": "Spring season", "image": "./images/blog/2/test_7.png", "created": "2012-02-29 03:28:17", "modified": "2012-02-29 03:28:17", "private": false, "draft": false, "user": 2, "location": 5, "description": "Suspendisse aliquam venenatis nibh, sit amet molestie nisl ultrices a.Suspendisse aliquam venenatis nibh, sit amet molestie nisl ultrices a."}}, {"pk": 10, "model": "blog.blog", "fields": {"category": 1, "mood": 2, "title": "Suspendisse aliquam venenatis nibh, sit amet molestie nisl ultrices a.", "image": "./images/blog/2/test_9.png", "created": "2012-02-29 03:29:56", "modified": "2012-02-29 03:29:56", "private": false, "draft": false, "user": 2, "location": 2, "description": "Suspendisse aliquam venenatis nibh, sit amet molestie nisl ultrices a.Suspendisse aliquam venenatis nibh, sit amet molestie nisl ultrices a."}}, {"pk": 11, "model": "blog.blog", "fields": {"category": 1, "mood": 3, "title": "Redbull", "image": "./images/blog/2/test_10.png", "created": "2012-02-29 03:30:32", "modified": "2012-02-29 03:30:32", "private": false, "draft": false, "user": 2, "location": 1, "description": "Suspendisse aliquam venenatis nibh, sit amet molestie nisl ultrices a.Suspendisse aliquam venenatis nibh, sit amet molestie nisl ultrices a.Suspendisse aliquam venenatis nibh, sit amet molestie nisl ultrices a."}}, {"pk": 12, "model": "blog.blog", "fields": {"category": 1, "mood": 3, "title": "Suspendisse aliquam venenatis nibh, sit amet molestie nisl ultrices a.", "image": "./images/blog/2/test_11.png", "created": "2012-02-29 03:31:58", "modified": "2012-02-29 03:31:58", "private": false, "draft": false, "user": 2, "location": 1, "description": "Suspendisse aliquam venenatis nibh, sit amet molestie nisl ultrices a.Suspendisse aliquam venenatis nibh, sit amet molestie nisl ultrices a."}}, {"pk": 14, "model": "blog.blog", "fields": {"category": 1, "mood": 3, "title": "Suspendisse aliquam venenatis nibh, sit amet molestie nisl ultrices a.", "image": "./images/blog/2/test_13.png", "created": "2012-02-29 03:33:12", "modified": "2012-02-29 03:33:12", "private": false, "draft": false, "user": 2, "location": 4, "description": "Suspendisse aliquam venenatis nibh, sit amet molestie nisl ultrices a.Suspendisse aliquam venenatis nibh, sit amet molestie nisl ultrices a."}}, {"pk": 15, "model": "blog.blog", "fields": {"category": 1, "mood": 4, "title": "Suspendisse aliquam venenatis nibh, sit amet molestie nisl ultrices a.", "image": "./images/blog/2/test_14.png", "created": "2012-02-29 03:34:20", "modified": "2012-02-29 03:34:20", "private": false, "draft": false, "user": 2, "location": 6, "description": "Suspendisse aliquam venenatis nibh, sit amet molestie nisl ultrices a.Suspendisse aliquam venenatis nibh, sit amet molestie nisl ultrices a."}}, {"pk": 16, "model": "blog.blog", "fields": {"category": 1, "mood": 4, "title": "Suspendisse aliquam venenatis nibh, sit amet molestie nisl ultrices a.", "image": "./images/blog/2/test_15.png", "created": "2012-02-29 03:36:57", "modified": "2012-02-29 03:36:57", "private": false, "draft": false, "user": 2, "location": 7, "description": "Suspendisse aliquam venenatis nibh, sit amet molestie nisl ultrices a.Suspendisse aliquam venenatis nibh, sit amet molestie nisl ultrices a."}}, {"pk": 17, "model": "blog.blog", "fields": {"category": 1, "mood": 3, "title": "My dear", "image": "./images/blog/2/test_16.png", "created": "2012-02-29 03:37:42", "modified": "2012-02-29 03:37:42", "private": false, "draft": false, "user": 2, "location": 8, "description": "Suspendisse aliquam venenatis nibh, sit amet molestie nisl ultrices a.Suspendisse aliquam venenatis nibh, sit amet molestie nisl ultrices a."}}, {"pk": 18, "model": "blog.blog", "fields": {"category": 1, "mood": 4, "title": "Suspendisse aliquam venenatis nibh, sit amet molestie nisl ultrices a.", "image": "./images/blog/2/test_17.png", "created": "2012-02-29 03:38:27", "modified": "2012-02-29 03:38:27", "private": false, "draft": false, "user": 2, "location": 2, "description": "Suspendisse aliquam venenatis nibh, sit amet molestie nisl ultrices a.Suspendisse aliquam venenatis nibh, sit amet molestie nisl ultrices a."}}, {"pk": 19, "model": "blog.blog", "fields": {"category": 1, "mood": 3, "title": "Dinner", "image": "./images/blog/2/test_18.png", "created": "2012-02-29 03:39:38", "modified": "2012-02-29 03:39:38", "private": false, "draft": false, "user": 2, "location": 4, "description": "Suspendisse aliquam venenatis nibh, sit amet molestie nisl ultrices a.Suspendisse aliquam venenatis nibh, sit amet molestie nisl ultrices a."}}, {"pk": 20, "model": "blog.blog", "fields": {"category": 1, "mood": 3, "title": "Yummy", "image": "./images/blog/2/test_19.png", "created": "2012-02-29 03:40:13", "modified": "2012-02-29 03:40:13", "private": false, "draft": false, "user": 2, "location": 5, "description": "Suspendisse aliquam venenatis nibh, sit amet molestie nisl ultrices a.Suspendisse aliquam venenatis nibh, sit amet molestie nisl ultrices a."}}, {"pk": 21, "model": "blog.blog", "fields": {"category": 1, "mood": 2, "title": "Chill", "image": "./images/blog/2/test_20.png", "created": "2012-02-29 03:41:24", "modified": "2012-02-29 03:41:24", "private": false, "draft": false, "user": 2, "location": 3, "description": "Suspendisse aliquam venenatis nibh, sit amet molestie nisl ultrices a.Suspendisse aliquam venenatis nibh, sit amet molestie nisl ultrices a."}}, {"pk": 22, "model": "blog.blog", "fields": {"category": 1, "mood": 5, "title": "I luv ice-scream", "image": "./images/blog/2/test_21.png", "created": "2012-02-29 03:42:38", "modified": "2012-02-29 03:42:38", "private": false, "draft": false, "user": 2, "location": 7, "description": "Suspendisse aliquam venenatis nibh, sit amet molestie nisl ultrices a.Suspendisse aliquam venenatis nibh, sit amet molestie nisl ultrices a."}}, {"pk": 23, "model": "blog.blog", "fields": {"category": 1, "mood": 3, "title": "Suspendisse aliquam venenatis nibh, sit amet molestie nisl ultrices a.", "image": "./images/blog/2/test_22.png", "created": "2012-02-29 03:43:47", "modified": "2012-02-29 03:43:47", "private": false, "draft": false, "user": 2, "location": 2, "description": "Suspendisse aliquam venenatis nibh, sit amet molestie nisl ultrices a.Suspendisse aliquam venenatis nibh, sit amet molestie nisl ultrices a."}}, {"pk": 24, "model": "blog.blog", "fields": {"category": 1, "mood": 3, "title": "Suspendisse aliquam venenatis nibh, sit amet molestie nisl ultrices a.", "image": "./images/blog/2/test_23.png", "created": "2012-02-29 03:44:33", "modified": "2012-02-29 03:44:33", "private": false, "draft": false, "user": 2, "location": 3, "description": "Suspendisse aliquam venenatis nibh, sit amet molestie nisl ultrices a.Suspendisse aliquam venenatis nibh, sit amet molestie nisl ultrices a."}}, {"pk": 9, "model": "blog.blog", "fields": {"category": 1, "mood": 2, "title": "Mobile first", "image": "./images/blog/2/h9nkt.jpeg", "created": "2012-02-29 03:29:16", "modified": "2012-02-29 03:52:04", "private": false, "draft": false, "user": 2, "location": 1, "description": "Suspendisse aliquam venenatis nibh, sit amet molestie nisl ultrices a.Suspendisse aliquam venenatis nibh, sit amet molestie nisl ultrices a."}}, {"pk": 25, "model": "blog.blog", "fields": {"category": 1, "mood": 2, "title": "Suspendisse aliquam venenatis nibh, sit amet molestie nisl ultrices a.", "image": "./images/blog/2/test_24.png", "created": "2012-02-29 03:45:38", "modified": "2012-02-29 03:45:38", "private": false, "draft": false, "user": 2, "location": 1, "description": "Suspendisse aliquam venenatis nibh, sit amet molestie nisl ultrices a.Suspendisse aliquam venenatis nibh, sit amet molestie nisl ultrices a."}}, {"pk": 29, "model": "blog.blog", "fields": {"category": 1, "mood": 1, "title": "Red Bird 2", "image": "./images/blog/3/Pensive Parakeet_2.jpg", "created": "2012-03-05 03:50:34", "modified": "2012-03-05 03:50:34", "private": false, "draft": false, "user": 3, "location": 7, "description": "blog_image_url"}}, {"pk": 13, "model": "blog.blog", "fields": {"category": 1, "mood": 3, "title": "Portrait", "image": "./images/blog/2/rksqn.jpeg", "created": "2012-02-29 03:32:30", "modified": "2012-02-29 03:50:44", "private": false, "draft": false, "user": 2, "location": 2, "description": "Suspendisse aliquam venenatis nibh, sit amet molestie nisl ultrices a.Suspendisse aliquam venenatis nibh, sit amet molestie nisl ultrices a."}}, {"pk": 26, "model": "blog.blog", "fields": {"category": 1, "mood": 5, "title": "Lovely boy", "image": "./images/blog/2/test_8.png", "created": "2012-03-01 22:30:40", "modified": "2012-03-01 22:30:40", "private": false, "draft": false, "user": 2, "location": 1, "description": "Lorem ipsum dolor sit amet, consectetur adipiscing elit. Suspendisse a auctor leo. Maecenas orci erat, tincidunt ac pretium iaculis, adipiscing sit amet libero. Vestibulum et purus urna, at sagittis risus."}}, {"pk": 27, "model": "blog.blog", "fields": {"category": 1, "mood": 3, "title": "Red Bird", "image": "./images/blog/3/Pensive Parakeet.jpg", "created": "2012-03-05 00:31:59", "modified": "2012-03-05 00:31:59", "private": false, "draft": true, "user": 3, "location": 6, "description": "Suspendisse aliquam venenatis nibh, sit amet molestie nisl ultrices a.Suspendisse aliquam venenatis nibh, sit amet molestie nisl ultrices a."}}, {"pk": 30, "model": "blog.blog", "fields": {"category": 1, "mood": 4, "title": "test", "image": "./images/blog/3/30/blog_30.jpg", "created": "2012-03-08 06:08:20", "modified": "2012-03-08 21:33:22", "private": false, "draft": false, "user": 3, "location": 1, "description": "test"}}, {"pk": 31, "model": "blog.blog", "fields": {"category": 1, "mood": 2, "title": "test", "image": "./images/blog/3/31/blog_31.jpg", "created": "2012-03-09 06:48:12", "modified": "2012-03-09 06:48:25", "private": false, "draft": false, "user": 3, "location": 1, "description": "test"}}, {"pk": 1, "model": "blog.love", "fields": {"blog": 12, "user": 3, "datetime": "2012-02-29 03:43:04"}}, {"pk": 4, "model": "blog.love", "fields": {"blog": 14, "user": 3, "datetime": "2012-02-29 05:08:54"}}, {"pk": 6, "model": "blog.love", "fields": {"blog": 4, "user": 2, "datetime": "2012-02-29 05:42:03"}}, {"pk": 8, "model": "blog.love", "fields": {"blog": 13, "user": 2, "datetime": "2012-02-29 05:42:14"}}, {"pk": 11, "model": "blog.love", "fields": {"blog": 17, "user": 3, "datetime": "2012-02-29 06:31:09"}}, {"pk": 15, "model": "blog.love", "fields": {"blog": 13, "user": 3, "datetime": "2012-03-01 02:24:45"}}, {"pk": 23, "model": "blog.love", "fields": {"blog": 4, "user": 3, "datetime": "2012-03-05 02:45:54"}}, {"pk": 24, "model": "blog.love", "fields": {"blog": 15, "user": 3, "datetime": "2012-03-05 03:35:24"}}, {"pk": 1, "model": "location.location", "fields": {"lat": "0", "country": "Thailand", "lng": "0", "city": "Bangkok"}}, {"pk": 2, "model": "location.location", "fields": {"lat": "0", "country": "Japan", "lng": "0", "city": "Tokyo"}}, {"pk": 3, "model": "location.location", "fields": {"lat": "0", "country": "Thailand", "lng": "0", "city": "Chiangmai"}}, {"pk": 4, "model": "location.location", "fields": {"lat": "0", "country": "Japan", "lng": "0", "city": "Osaka"}}, {"pk": 5, "model": "location.location", "fields": {"lat": "0", "country": "Japan", "lng": "0", "city": "Hokkaido"}}, {"pk": 6, "model": "location.location", "fields": {"lat": "0", "country": "Thailand", "lng": "0", "city": "Kanchanaburi"}}, {"pk": 7, "model": "location.location", "fields": {"lat": "0", "country": "Thailand", "lng": "0", "city": "Lampang"}}, {"pk": 8, "model": "location.location", "fields": {"lat": "0", "country": "Thailand", "lng": "0", "city": "Saraburi"}}, {"pk": 55, "model": "auth.permission", "fields": {"codename": "add_account", "name": "Can add account", "content_type": 19}}, {"pk": 56, "model": "auth.permission", "fields": {"codename": "change_account", "name": "Can change account", "content_type": 19}}, {"pk": 57, "model": "auth.permission", "fields": {"codename": "delete_account", "name": "Can delete account", "content_type": 19}}, {"pk": 58, "model": "auth.permission", "fields": {"codename": "add_accountkey", "name": "Can add account key", "content_type": 20}}, {"pk": 59, "model": "auth.permission", "fields": {"codename": "change_accountkey", "name": "Can change account key", "content_type": 20}}, {"pk": 60, "model": "auth.permission", "fields": {"codename": "delete_accountkey", "name": "Can delete account key", "content_type": 20}}, {"pk": 22, "model": "auth.permission", "fields": {"codename": "add_logentry", "name": "Can add log entry", "content_type": 8}}, {"pk": 23, "model": "auth.permission", "fields": {"codename": "change_logentry", "name": "Can change log entry", "content_type": 8}}, {"pk": 24, "model": "auth.permission", "fields": {"codename": "delete_logentry", "name": "Can delete log entry", "content_type": 8}}, {"pk": 4, "model": "auth.permission", "fields": {"codename": "add_group", "name": "Can add group", "content_type": 2}}, {"pk": 5, "model": "auth.permission", "fields": {"codename": "change_group", "name": "Can change group", "content_type": 2}}, {"pk": 6, "model": "auth.permission", "fields": {"codename": "delete_group", "name": "Can delete group", "content_type": 2}}, {"pk": 10, "model": "auth.permission", "fields": {"codename": "add_message", "name": "Can add message", "content_type": 4}}, {"pk": 11, "model": "auth.permission", "fields": {"codename": "change_message", "name": "Can change message", "content_type": 4}}, {"pk": 12, "model": "auth.permission", "fields": {"codename": "delete_message", "name": "Can delete message", "content_type": 4}}, {"pk": 1, "model": "auth.permission", "fields": {"codename": "add_permission", "name": "Can add permission", "content_type": 1}}, {"pk": 2, "model": "auth.permission", "fields": {"codename": "change_permission", "name": "Can change permission", "content_type": 1}}, {"pk": 3, "model": "auth.permission", "fields": {"codename": "delete_permission", "name": "Can delete permission", "content_type": 1}}, {"pk": 7, "model": "auth.permission", "fields": {"codename": "add_user", "name": "Can add user", "content_type": 3}}, {"pk": 8, "model": "auth.permission", "fields": {"codename": "change_user", "name": "Can change user", "content_type": 3}}, {"pk": 9, "model": "auth.permission", "fields": {"codename": "delete_user", "name": "Can delete user", "content_type": 3}}, {"pk": 64, "model": "auth.permission", "fields": {"codename": "add_blog", "name": "Can add blog", "content_type": 22}}, {"pk": 65, "model": "auth.permission", "fields": {"codename": "change_blog", "name": "Can change blog", "content_type": 22}}, {"pk": 66, "model": "auth.permission", "fields": {"codename": "delete_blog", "name": "Can delete blog", "content_type": 22}}, {"pk": 61, "model": "auth.permission", "fields": {"codename": "add_category", "name": "Can add category", "content_type": 21}}, {"pk": 62, "model": "auth.permission", "fields": {"codename": "change_category", "name": "Can change category", "content_type": 21}}, {"pk": 63, "model": "auth.permission", "fields": {"codename": "delete_category", "name": "Can delete category", "content_type": 21}}, {"pk": 67, "model": "auth.permission", "fields": {"codename": "add_love", "name": "Can add love", "content_type": 23}}, {"pk": 68, "model": "auth.permission", "fields": {"codename": "change_love", "name": "Can change love", "content_type": 23}}, {"pk": 69, "model": "auth.permission", "fields": {"codename": "delete_love", "name": "Can delete love", "content_type": 23}}, {"pk": 13, "model": "auth.permission", "fields": {"codename": "add_contenttype", "name": "Can add content type", "content_type": 5}}, {"pk": 14, "model": "auth.permission", "fields": {"codename": "change_contenttype", "name": "Can change content type", "content_type": 5}}, {"pk": 15, "model": "auth.permission", "fields": {"codename": "delete_contenttype", "name": "Can delete content type", "content_type": 5}}, {"pk": 40, "model": "auth.permission", "fields": {"codename": "add_crontabschedule", "name": "Can add crontab", "content_type": 14}}, {"pk": 41, "model": "auth.permission", "fields": {"codename": "change_crontabschedule", "name": "Can change crontab", "content_type": 14}}, {"pk": 42, "model": "auth.permission", "fields": {"codename": "delete_crontabschedule", "name": "Can delete crontab", "content_type": 14}}, {"pk": 37, "model": "auth.permission", "fields": {"codename": "add_intervalschedule", "name": "Can add interval", "content_type": 13}}, {"pk": 38, "model": "auth.permission", "fields": {"codename": "change_intervalschedule", "name": "Can change interval", "content_type": 13}}, {"pk": 39, "model": "auth.permission", "fields": {"codename": "delete_intervalschedule", "name": "Can delete interval", "content_type": 13}}, {"pk": 46, "model": "auth.permission", "fields": {"codename": "add_periodictask", "name": "Can add periodic task", "content_type": 16}}, {"pk": 47, "model": "auth.permission", "fields": {"codename": "change_periodictask", "name": "Can change periodic task", "content_type": 16}}, {"pk": 48, "model": "auth.permission", "fields": {"codename": "delete_periodictask", "name": "Can delete periodic task", "content_type": 16}}, {"pk": 43, "model": "auth.permission", "fields": {"codename": "add_periodictasks", "name": "Can add periodic tasks", "content_type": 15}}, {"pk": 44, "model": "auth.permission", "fields": {"codename": "change_periodictasks", "name": "Can change periodic tasks", "content_type": 15}}, {"pk": 45, "model": "auth.permission", "fields": {"codename": "delete_periodictasks", "name": "Can delete periodic tasks", "content_type": 15}}, {"pk": 31, "model": "auth.permission", "fields": {"codename": "add_taskmeta", "name": "Can add task meta", "content_type": 11}}, {"pk": 32, "model": "auth.permission", "fields": {"codename": "change_taskmeta", "name": "Can change task meta", "content_type": 11}}, {"pk": 33, "model": "auth.permission", "fields": {"codename": "delete_taskmeta", "name": "Can delete task meta", "content_type": 11}}, {"pk": 34, "model": "auth.permission", "fields": {"codename": "add_tasksetmeta", "name": "Can add taskset meta", "content_type": 12}}, {"pk": 35, "model": "auth.permission", "fields": {"codename": "change_tasksetmeta", "name": "Can change taskset meta", "content_type": 12}}, {"pk": 36, "model": "auth.permission", "fields": {"codename": "delete_tasksetmeta", "name": "Can delete taskset meta", "content_type": 12}}, {"pk": 52, "model": "auth.permission", "fields": {"codename": "add_taskstate", "name": "Can add task", "content_type": 18}}, {"pk": 53, "model": "auth.permission", "fields": {"codename": "change_taskstate", "name": "Can change task", "content_type": 18}}, {"pk": 54, "model": "auth.permission", "fields": {"codename": "delete_taskstate", "name": "Can delete task", "content_type": 18}}, {"pk": 49, "model": "auth.permission", "fields": {"codename": "add_workerstate", "name": "Can add worker", "content_type": 17}}, {"pk": 50, "model": "auth.permission", "fields": {"codename": "change_workerstate", "name": "Can change worker", "content_type": 17}}, {"pk": 51, "model": "auth.permission", "fields": {"codename": "delete_workerstate", "name": "Can delete worker", "content_type": 17}}, {"pk": 28, "model": "auth.permission", "fields": {"codename": "add_message", "name": "Can add message", "content_type": 10}}, {"pk": 29, "model": "auth.permission", "fields": {"codename": "change_message", "name": "Can change message", "content_type": 10}}, {"pk": 30, "model": "auth.permission", "fields": {"codename": "delete_message", "name": "Can delete message", "content_type": 10}}, {"pk": 25, "model": "auth.permission", "fields": {"codename": "add_queue", "name": "Can add queue", "content_type": 9}}, {"pk": 26, "model": "auth.permission", "fields": {"codename": "change_queue", "name": "Can change queue", "content_type": 9}}, {"pk": 27, "model": "auth.permission", "fields": {"codename": "delete_queue", "name": "Can delete queue", "content_type": 9}}, {"pk": 70, "model": "auth.permission", "fields": {"codename": "add_location", "name": "Can add location", "content_type": 24}}, {"pk": 71, "model": "auth.permission", "fields": {"codename": "change_location", "name": "Can change location", "content_type": 24}}, {"pk": 72, "model": "auth.permission", "fields": {"codename": "delete_location", "name": "Can delete location", "content_type": 24}}, {"pk": 16, "model": "auth.permission", "fields": {"codename": "add_session", "name": "Can add session", "content_type": 6}}, {"pk": 17, "model": "auth.permission", "fields": {"codename": "change_session", "name": "Can change session", "content_type": 6}}, {"pk": 18, "model": "auth.permission", "fields": {"codename": "delete_session", "name": "Can delete session", "content_type": 6}}, {"pk": 19, "model": "auth.permission", "fields": {"codename": "add_site", "name": "Can add site", "content_type": 7}}, {"pk": 20, "model": "auth.permission", "fields": {"codename": "change_site", "name": "Can change site", "content_type": 7}}, {"pk": 21, "model": "auth.permission", "fields": {"codename": "delete_site", "name": "Can delete site", "content_type": 7}}, {"pk": 2, "model": "auth.user", "fields": {"username": "ikhuntuck@gmail.com", "first_name": "", "last_name": "", "is_active": true, "is_superuser": false, "is_staff": false, "last_login": "2012-03-04 22:23:59", "groups": [], "user_permissions": [], "password": "sha1$eb5aa$754c0071d95c9b26c65957501fb364e7fb292632", "email": "ikhuntuck@gmail.com", "date_joined": "2012-02-29 02:46:09"}}, {"pk": 3, "model": "auth.user", "fields": {"username": "crosalot@gmail.com", "first_name": "", "last_name": "", "is_active": true, "is_superuser": false, "is_staff": false, "last_login": "2012-03-08 06:05:43", "groups": [], "user_permissions": [], "password": "sha1$480d3$aeec331a00829340d7d7354d667228fa02d61bf6", "email": "crosalot@gmail.com", "date_joined": "2012-02-29 02:53:42"}}, {"pk": 1, "model": "auth.user", "fields": {"username": "admin", "first_name": "", "last_name": "", "is_active": true, "is_superuser": true, "is_staff": true, "last_login": "2012-03-12 02:30:49", "groups": [], "user_permissions": [], "password": "sha1$8c4a5$c375c1c5bb53d5862bcd4efd1fcde0d3d7a63d3f", "email": "admin@test.com", "date_joined": "2012-02-29 02:42:41"}}]