[{"pk": 28, "model": "contenttypes.contenttype", "fields": {"model": "tag", "name": "Tag", "app_label": "taggit"}}, {"pk": 29, "model": "contenttypes.contenttype", "fields": {"model": "taggeditem", "name": "Tagged Item", "app_label": "taggit"}}, {"pk": 19, "model": "contenttypes.contenttype", "fields": {"model": "account", "name": "account", "app_label": "account"}}, {"pk": 20, "model": "contenttypes.contenttype", "fields": {"model": "accountkey", "name": "account key", "app_label": "account"}}, {"pk": 22, "model": "contenttypes.contenttype", "fields": {"model": "blog", "name": "blog", "app_label": "blog"}}, {"pk": 21, "model": "contenttypes.contenttype", "fields": {"model": "category", "name": "category", "app_label": "blog"}}, {"pk": 5, "model": "contenttypes.contenttype", "fields": {"model": "contenttype", "name": "content type", "app_label": "contenttypes"}}, {"pk": 14, "model": "contenttypes.contenttype", "fields": {"model": "crontabschedule", "name": "crontab", "app_label": "djcelery"}}, {"pk": 2, "model": "contenttypes.contenttype", "fields": {"model": "group", "name": "group", "app_label": "auth"}}, {"pk": 26, "model": "contenttypes.contenttype", "fields": {"model": "history", "name": "history", "app_label": "statistic"}}, {"pk": 13, "model": "contenttypes.contenttype", "fields": {"model": "intervalschedule", "name": "interval", "app_label": "djcelery"}}, {"pk": 24, "model": "contenttypes.contenttype", "fields": {"model": "location", "name": "location", "app_label": "location"}}, {"pk": 8, "model": "contenttypes.contenttype", "fields": {"model": "logentry", "name": "log entry", "app_label": "admin"}}, {"pk": 23, "model": "contenttypes.contenttype", "fields": {"model": "love", "name": "love", "app_label": "blog"}}, {"pk": 10, "model": "contenttypes.contenttype", "fields": {"model": "message", "name": "message", "app_label": "djkombu"}}, {"pk": 4, "model": "contenttypes.contenttype", "fields": {"model": "message", "name": "message", "app_label": "auth"}}, {"pk": 25, "model": "contenttypes.contenttype", "fields": {"model": "notification", "name": "notification", "app_label": "notification"}}, {"pk": 16, "model": "contenttypes.contenttype", "fields": {"model": "periodictask", "name": "periodic task", "app_label": "djcelery"}}, {"pk": 15, "model": "contenttypes.contenttype", "fields": {"model": "periodictasks", "name": "periodic tasks", "app_label": "djcelery"}}, {"pk": 1, "model": "contenttypes.contenttype", "fields": {"model": "permission", "name": "permission", "app_label": "auth"}}, {"pk": 9, "model": "contenttypes.contenttype", "fields": {"model": "queue", "name": "queue", "app_label": "djkombu"}}, {"pk": 6, "model": "contenttypes.contenttype", "fields": {"model": "session", "name": "session", "app_label": "sessions"}}, {"pk": 7, "model": "contenttypes.contenttype", "fields": {"model": "site", "name": "site", "app_label": "sites"}}, {"pk": 18, "model": "contenttypes.contenttype", "fields": {"model": "taskstate", "name": "task", "app_label": "djcelery"}}, {"pk": 11, "model": "contenttypes.contenttype", "fields": {"model": "taskmeta", "name": "task meta", "app_label": "djcelery"}}, {"pk": 12, "model": "contenttypes.contenttype", "fields": {"model": "tasksetmeta", "name": "taskset meta", "app_label": "djcelery"}}, {"pk": 3, "model": "contenttypes.contenttype", "fields": {"model": "user", "name": "user", "app_label": "auth"}}, {"pk": 27, "model": "contenttypes.contenttype", "fields": {"model": "viewcount", "name": "view count", "app_label": "statistic"}}, {"pk": 17, "model": "contenttypes.contenttype", "fields": {"model": "workerstate", "name": "worker", "app_label": "djcelery"}}, {"pk": "06ff359acb1a77a06424402233e9442e", "model": "sessions.session", "fields": {"expire_date": "2012-04-11 07:53:36", "session_data": "MDE5OTI0N2FiZWRiYTA1YmI1YWE1Y2QyZTAyNzk5ZjViNzg1OGMxMDqAAn1xAShVEl9hdXRoX3Vz\nZXJfYmFja2VuZHECVSlkamFuZ28uY29udHJpYi5hdXRoLmJhY2tlbmRzLk1vZGVsQmFja2VuZHED\nVQ1fYXV0aF91c2VyX2lkcQRLAXUu\n"}}, {"pk": "11082fcfbdcf5f87444f545effee2185", "model": "sessions.session", "fields": {"expire_date": "2012-04-11 08:10:06", "session_data": "ZGRhZWJjYmIxYzhmY2Q0NmQ0MDA3ZTU2Zjk0ZDgwZWFmNTE2MDQ0MTqAAn1xAShVEl9hdXRoX3Vz\nZXJfYmFja2VuZHECVSlkamFuZ28uY29udHJpYi5hdXRoLmJhY2tlbmRzLk1vZGVsQmFja2VuZHED\nVQ1fYXV0aF91c2VyX2lkcQRLAnUu\n"}}, {"pk": 1, "model": "sites.site", "fields": {"domain": "example.com", "name": "example.com"}}, {"pk": 22, "model": "admin.logentry", "fields": {"action_flag": 1, "action_time": "2012-03-28 08:23:22", "object_repr": "Working together", "object_id": "21", "change_message": "", "user": 1, "content_type": 21}}, {"pk": 21, "model": "admin.logentry", "fields": {"action_flag": 1, "action_time": "2012-03-28 08:22:53", "object_repr": "Women's rights", "object_id": "20", "change_message": "", "user": 1, "content_type": 21}}, {"pk": 20, "model": "admin.logentry", "fields": {"action_flag": 1, "action_time": "2012-03-28 08:22:46", "object_repr": "Women's leadership", "object_id": "19", "change_message": "", "user": 1, "content_type": 21}}, {"pk": 19, "model": "admin.logentry", "fields": {"action_flag": 1, "action_time": "2012-03-28 08:22:33", "object_repr": "Women", "object_id": "18", "change_message": "", "user": 1, "content_type": 21}}, {"pk": 18, "model": "admin.logentry", "fields": {"action_flag": 1, "action_time": "2012-03-28 08:22:25", "object_repr": "Role Models", "object_id": "17", "change_message": "", "user": 1, "content_type": 21}}, {"pk": 17, "model": "admin.logentry", "fields": {"action_flag": 1, "action_time": "2012-03-28 08:22:14", "object_repr": "People", "object_id": "16", "change_message": "", "user": 1, "content_type": 21}}, {"pk": 16, "model": "admin.logentry", "fields": {"action_flag": 1, "action_time": "2012-03-28 08:22:08", "object_repr": "Partnership", "object_id": "15", "change_message": "", "user": 1, "content_type": 21}}, {"pk": 15, "model": "admin.logentry", "fields": {"action_flag": 1, "action_time": "2012-03-28 08:22:00", "object_repr": "Motivation", "object_id": "14", "change_message": "", "user": 1, "content_type": 21}}, {"pk": 14, "model": "admin.logentry", "fields": {"action_flag": 1, "action_time": "2012-03-28 08:21:53", "object_repr": "Livelihoods", "object_id": "13", "change_message": "", "user": 1, "content_type": 21}}, {"pk": 13, "model": "admin.logentry", "fields": {"action_flag": 1, "action_time": "2012-03-28 08:21:47", "object_repr": "Learning", "object_id": "12", "change_message": "", "user": 1, "content_type": 21}}, {"pk": 12, "model": "admin.logentry", "fields": {"action_flag": 1, "action_time": "2012-03-28 08:21:40", "object_repr": "Leadership", "object_id": "11", "change_message": "", "user": 1, "content_type": 21}}, {"pk": 11, "model": "admin.logentry", "fields": {"action_flag": 1, "action_time": "2012-03-28 08:21:34", "object_repr": "Inspiring Projects", "object_id": "10", "change_message": "", "user": 1, "content_type": 21}}, {"pk": 10, "model": "admin.logentry", "fields": {"action_flag": 1, "action_time": "2012-03-28 08:21:27", "object_repr": "Innovation", "object_id": "9", "change_message": "", "user": 1, "content_type": 21}}, {"pk": 9, "model": "admin.logentry", "fields": {"action_flag": 1, "action_time": "2012-03-28 08:21:20", "object_repr": "Humanitarian", "object_id": "8", "change_message": "", "user": 1, "content_type": 21}}, {"pk": 8, "model": "admin.logentry", "fields": {"action_flag": 1, "action_time": "2012-03-28 08:21:14", "object_repr": "Helping People", "object_id": "7", "change_message": "", "user": 1, "content_type": 21}}, {"pk": 7, "model": "admin.logentry", "fields": {"action_flag": 1, "action_time": "2012-03-28 08:21:05", "object_repr": "Governance", "object_id": "6", "change_message": "", "user": 1, "content_type": 21}}, {"pk": 6, "model": "admin.logentry", "fields": {"action_flag": 1, "action_time": "2012-03-28 08:20:59", "object_repr": "Growing", "object_id": "5", "change_message": "", "user": 1, "content_type": 21}}, {"pk": 5, "model": "admin.logentry", "fields": {"action_flag": 1, "action_time": "2012-03-28 08:20:52", "object_repr": "Food security", "object_id": "4", "change_message": "", "user": 1, "content_type": 21}}, {"pk": 4, "model": "admin.logentry", "fields": {"action_flag": 1, "action_time": "2012-03-28 08:20:41", "object_repr": "Creativity", "object_id": "3", "change_message": "", "user": 1, "content_type": 21}}, {"pk": 3, "model": "admin.logentry", "fields": {"action_flag": 1, "action_time": "2012-03-28 08:20:33", "object_repr": "Climate change", "object_id": "2", "change_message": "", "user": 1, "content_type": 21}}, {"pk": 2, "model": "admin.logentry", "fields": {"action_flag": 1, "action_time": "2012-03-28 08:20:15", "object_repr": "Campaigns", "object_id": "1", "change_message": "", "user": 1, "content_type": 21}}, {"pk": 1, "model": "admin.logentry", "fields": {"action_flag": 1, "action_time": "2012-03-28 08:03:32", "object_repr": "admin has key admin", "object_id": "1", "change_message": "", "user": 1, "content_type": 20}}, {"pk": 1, "model": "djkombu.queue", "fields": {"name": "celery"}}, {"pk": 2, "model": "djkombu.queue", "fields": {"name": "crosalot.local.celeryd.pidbox"}}, {"pk": 1, "model": "djkombu.message", "fields": {"queue": 1, "visible": false, "sent_at": "2012-03-28 08:08:10", "payload": "{\"body\": \"KGRwMQpTJ3JldHJpZXMnCnAyCkkwCnNTJ3Rhc2snCnAzClMnYWNjb3VudC50YXNrcy5zZW5kX2ludml0ZScKcDQKc1MnYXJncycKcDUKKChscDYKKGRwNwpTJ2FjdGl2YXRlX2xpbmsnCnA4ClMnaHR0cDovLzEwLjAuMS4xMjo4MDAwL2FjY291bnQvYWN0aXZhdGUvYzYzYjVmNzRhMzNlMmU1YjQ1MTdiMzkxNGRhYjYxLycKcDkKc1MnZW1haWwnCnAxMApWaWtodW50dWNrQGdtYWlsLmNvbQpwMTEKc2FTJ2h0dHA6Ly8xMC4wLjEuMTI6ODAwMC8nCnAxMgp0cDEzCnNTJ2V4cGlyZXMnCnAxNApOc1MnZXRhJwpwMTUKTnNTJ2t3YXJncycKcDE2CihkcDE3CnNTJ2lkJwpwMTgKUydiMjVhOTYzNS1iY2U2LTRhNTMtOGQ3My1mNmI0MjM4NzdmODEnCnAxOQpzLg==\", \"headers\": {}, \"content-type\": \"application/x-python-serialize\", \"properties\": {\"body_encoding\": \"base64\", \"delivery_info\": {\"priority\": 0, \"routing_key\": \"celery\", \"exchange\": \"celery\"}, \"delivery_mode\": 2, \"delivery_tag\": 1}, \"content-encoding\": \"binary\"}"}}, {"pk": 1, "model": "djcelery.taskmeta", "fields": {"status": "SUCCESS", "date_done": "2012-03-28 08:09:10", "traceback": null, "result": null, "task_id": "b25a9635-bce6-4a53-8d73-f6b423877f81"}}, {"pk": 1, "model": "account.account", "fields": {"lastname": null, "image": "", "user": 1, "firstname": null, "timezone": "UTC"}}, {"pk": 2, "model": "account.account", "fields": {"lastname": "Mingsong", "image": "./images/account/2/avatar.jpg", "user": 2, "firstname": "Thanyawan", "timezone": "Asia/Bangkok"}}, {"pk": 1, "model": "account.accountkey", "fields": {"user": 1, "view_notification": "2012-03-28 08:03:32", "can_send_mail": true, "key": "admin", "modified": "2012-03-28 08:03:32"}}, {"pk": 2, "model": "account.accountkey", "fields": {"user": 2, "view_notification": "2012-03-28 10:09:37", "can_send_mail": true, "key": "c63b5f74a33e2e5b4517b3914dab61", "modified": "2012-03-28 10:09:37"}}, {"pk": 1, "model": "blog.category", "fields": {"code": "campaigns", "name": "Campaigns"}}, {"pk": 2, "model": "blog.category", "fields": {"code": "climate-change", "name": "Climate change"}}, {"pk": 3, "model": "blog.category", "fields": {"code": "creativity", "name": "Creativity"}}, {"pk": 4, "model": "blog.category", "fields": {"code": "food-security", "name": "Food security"}}, {"pk": 5, "model": "blog.category", "fields": {"code": "growing", "name": "Growing"}}, {"pk": 6, "model": "blog.category", "fields": {"code": "governance", "name": "Governance"}}, {"pk": 7, "model": "blog.category", "fields": {"code": "helping-people", "name": "Helping People"}}, {"pk": 8, "model": "blog.category", "fields": {"code": "humanitarian", "name": "Humanitarian"}}, {"pk": 9, "model": "blog.category", "fields": {"code": "innovation", "name": "Innovation"}}, {"pk": 10, "model": "blog.category", "fields": {"code": "inspiring-projects", "name": "Inspiring Projects"}}, {"pk": 11, "model": "blog.category", "fields": {"code": "leadership", "name": "Leadership"}}, {"pk": 12, "model": "blog.category", "fields": {"code": "learning", "name": "Learning"}}, {"pk": 13, "model": "blog.category", "fields": {"code": "livelihoods", "name": "Livelihoods"}}, {"pk": 14, "model": "blog.category", "fields": {"code": "motivation", "name": "Motivation"}}, {"pk": 15, "model": "blog.category", "fields": {"code": "partnership", "name": "Partnership"}}, {"pk": 16, "model": "blog.category", "fields": {"code": "people", "name": "People"}}, {"pk": 17, "model": "blog.category", "fields": {"code": "role-models", "name": "Role Models"}}, {"pk": 18, "model": "blog.category", "fields": {"code": "women", "name": "Women"}}, {"pk": 19, "model": "blog.category", "fields": {"code": "womens-leadership", "name": "Women's leadership"}}, {"pk": 20, "model": "blog.category", "fields": {"code": "womens-rights", "name": "Women's rights"}}, {"pk": 21, "model": "blog.category", "fields": {"code": "working-together", "name": "Working together"}}, {"pk": 1, "model": "blog.blog", "fields": {"category": 1, "location": 1, "mood": 3, "title": "Lorem Ipsum is simply dummy text", "image": "./images/blog/1/1/blog_1.jpg", "created": "2012-03-28 08:24:04", "modified": "2012-03-28 08:24:04", "private": false, "draft": false, "user": 1, "allow_download": true, "trash": false, "description": "Lorem Ipsum is simply dummy text of the printing and typesetting industry. Lorem Ipsum has been the industry's standard dummy text ever since the 1500s, when an unknown printer took a galley of type and scrambled it to make a type specimen book. It has survived not only five centuries"}}, {"pk": 2, "model": "blog.blog", "fields": {"category": 3, "location": 2, "mood": 7, "title": "Lorem Ipsum is that it has a more-or-less", "image": "./images/blog/1/2/blog_2.jpg", "created": "2012-03-28 08:26:17", "modified": "2012-03-28 08:26:17", "private": false, "draft": false, "user": 1, "allow_download": true, "trash": false, "description": "Lorem Ipsum is simply dummy text of the printing and typesetting industry. Lorem Ipsum has been the industry's standard dummy text ever since the 1500s, when an unknown printer took a galley of type and scrambled it to make a type specimen book. It has survived not only five centuries"}}, {"pk": 3, "model": "blog.blog", "fields": {"category": 2, "location": 3, "mood": 10, "title": "Lorem Ipsum", "image": "./images/blog/1/3/blog_3.jpg", "created": "2012-03-28 08:28:40", "modified": "2012-03-28 08:28:40", "private": false, "draft": false, "user": 1, "allow_download": true, "trash": false, "description": "There are many variations of passages of Lorem Ipsum available, but the majority have suffered alteration in some form"}}, {"pk": 4, "model": "blog.blog", "fields": {"category": 5, "location": 4, "mood": 3, "title": "It is a long established fact", "image": "./images/blog/1/4/blog_4.jpg", "created": "2012-03-28 08:30:47", "modified": "2012-03-28 08:30:47", "private": false, "draft": false, "user": 1, "allow_download": true, "trash": false, "description": "Content here, content here', making it look like readable English. Many desktop publishing packages and web page editors now use Lorem Ipsum as their default model text"}}, {"pk": 5, "model": "blog.blog", "fields": {"category": 4, "location": 5, "mood": 8, "title": "Lorem Ipsum is that it has a more-or-less", "image": "./images/blog/1/5/blog_5.jpg", "created": "2012-03-28 08:32:46", "modified": "2012-03-28 08:32:46", "private": false, "draft": false, "user": 1, "allow_download": true, "trash": false, "description": "There are many variations of passages of Lorem Ipsum available, but the majority have suffered alteration in some form"}}, {"pk": 6, "model": "blog.blog", "fields": {"category": 7, "location": 6, "mood": 4, "title": "Contrary to popular belief", "image": "./images/blog/1/6/blog_6.jpg", "created": "2012-03-28 08:35:21", "modified": "2012-03-28 08:35:21", "private": false, "draft": false, "user": 1, "allow_download": true, "trash": false, "description": "Lorem Ipsum which looks reasonable. The generated Lorem Ipsum is therefore always free from repetition, injected humour, or non-characteristic words etc."}}, {"pk": 7, "model": "blog.blog", "fields": {"category": 7, "location": 7, "mood": 1, "title": "Contrary to popular belief", "image": "./images/blog/1/7/blog_7.jpg", "created": "2012-03-28 08:40:20", "modified": "2012-03-28 08:40:20", "private": false, "draft": false, "user": 1, "allow_download": true, "trash": false, "description": "Internet tend to repeat predefined chunks as necessary, making this the first true generator on the Internet"}}, {"pk": 8, "model": "blog.blog", "fields": {"category": 4, "location": 1, "mood": 5, "title": "The standard chunk of Lorem Ipsum", "image": "./images/blog/1/8/blog_8.jpg", "created": "2012-03-28 08:41:55", "modified": "2012-03-28 08:41:55", "private": false, "draft": false, "user": 1, "allow_download": true, "trash": false, "description": "accompanied by English versions from the 1914 translation by H. Rackham"}}, {"pk": 9, "model": "blog.blog", "fields": {"category": 6, "location": 5, "mood": 3, "title": "There are many variations of passages", "image": "./images/blog/1/9/blog_9.jpg", "created": "2012-03-28 08:43:14", "modified": "2012-03-28 08:43:14", "private": false, "draft": false, "user": 1, "allow_download": true, "trash": false, "description": "Lorem Ipsum available, but the majority have suffered alteration in some form"}}, {"pk": 10, "model": "blog.blog", "fields": {"category": 8, "location": 7, "mood": 4, "title": "Lorem Ipsum available, but the majority have suffered", "image": "./images/blog/1/10/blog_10.jpg", "created": "2012-03-28 08:45:24", "modified": "2012-03-28 08:45:24", "private": false, "draft": false, "user": 1, "allow_download": true, "trash": false, "description": "Lorem Ipsum is therefore always free from repetition, injected humour, or non-characteristic words etc."}}, {"pk": 11, "model": "blog.blog", "fields": {"category": 6, "location": 3, "mood": 2, "title": "The standard chunk of Lorem Ipsum", "image": "./images/blog/1/11/blog_11.jpg", "created": "2012-03-28 08:46:36", "modified": "2012-03-28 08:46:36", "private": false, "draft": false, "user": 1, "allow_download": true, "trash": false, "description": "English versions from the 1914 translation by H. Rackham"}}, {"pk": 12, "model": "blog.blog", "fields": {"category": 4, "location": 8, "mood": 4, "title": "Donec ullamcorper nulla non metus auctor fringilla.", "image": "./images/blog/2/12/blog_12.jpg", "created": "2012-03-28 09:15:29", "modified": "2012-03-28 10:08:29", "private": false, "draft": false, "user": 2, "allow_download": true, "trash": false, "description": "Aenean eu leo quam. Pellentesque ornare sem lacinia quam venenatis vestibulum. Donec ullamcorper nulla non metus auctor fringilla. Morbi leo risus, porta ac consectetur ac, vestibulum at eros. Vestibulum id ligula porta felis euismod semper."}}, {"pk": 13, "model": "blog.blog", "fields": {"category": 7, "location": 13, "mood": 1, "title": "Nullam id dolor id nibh ultricies vehicula ut id elit.", "image": "./images/blog/2/13/blog_13.jpg", "created": "2012-03-28 09:25:40", "modified": "2012-03-28 10:08:18", "private": false, "draft": false, "user": 2, "allow_download": true, "trash": false, "description": "Aenean eu leo quam. Pellentesque ornare sem lacinia quam venenatis vestibulum. Donec ullamcorper nulla non metus auctor fringilla. Morbi leo risus, porta ac consectetur ac, vestibulum at eros. Vestibulum id ligula porta felis euismod semper."}}, {"pk": 14, "model": "blog.blog", "fields": {"category": 4, "location": 10, "mood": 3, "title": "Cum sociis natoque penatibus et magnis dis parturient montes, nascetur ridiculus mus.", "image": "./images/blog/2/14/blog_14.jpg", "created": "2012-03-28 09:26:42", "modified": "2012-03-28 10:08:05", "private": false, "draft": false, "user": 2, "allow_download": true, "trash": false, "description": "Duis mollis, est non commodo luctus, nisi erat porttitor ligula, eget lacinia odio sem nec elit. Nulla vitae elit libero, a pharetra augue. Maecenas sed diam eget risus varius blandit sit amet non magna. "}}, {"pk": 16, "model": "blog.blog", "fields": {"category": 4, "location": 12, "mood": 4, "title": "Cras justo odio, dapibus ac facilisis in, egestas eget quam.", "image": "./images/blog/2/16/blog_16.jpg", "created": "2012-03-28 09:29:54", "modified": "2012-03-28 09:29:54", "private": false, "draft": false, "user": 2, "allow_download": true, "trash": false, "description": "Cras justo odio, dapibus ac facilisis in, egestas eget quam. Sed posuere consectetur est at lobortis. Sed posuere consectetur est at lobortis. Duis mollis, est non commodo luctus, nisi erat porttitor ligula, eget lacinia odio sem nec elit. Aenean lacinia bibendum nulla sed consectetur."}}, {"pk": 21, "model": "blog.blog", "fields": {"category": 8, "location": 3, "mood": 9, "title": "Lorem ipsum dolor sit amet, consectetur adipiscing elit.", "image": "./images/blog/2/21/blog_21.jpg", "created": "2012-03-28 09:35:03", "modified": "2012-03-28 10:05:27", "private": false, "draft": false, "user": 2, "allow_download": true, "trash": false, "description": "Cras justo odio, dapibus ac facilisis in, egestas eget quam. Sed posuere consectetur est at lobortis. Sed posuere consectetur est at lobortis. Duis mollis, est non commodo luctus, nisi erat porttitor ligula, eget lacinia odio sem nec elit. Aenean lacinia bibendum nulla sed consectetur."}}, {"pk": 15, "model": "blog.blog", "fields": {"category": 4, "location": 11, "mood": 8, "title": "Donec ullamcorper nulla non metus auctor fringilla.", "image": "./images/blog/2/15/blog_15.jpg", "created": "2012-03-28 09:28:13", "modified": "2012-03-28 10:07:44", "private": false, "draft": false, "user": 2, "allow_download": true, "trash": false, "description": "Praesent commodo cursus magna, vel scelerisque nisl consectetur et. Nullam id dolor id nibh ultricies vehicula ut id elit. Curabitur blandit tempus porttitor."}}, {"pk": 18, "model": "blog.blog", "fields": {"category": 5, "location": 13, "mood": 4, "title": "Lorem ipsum dolor sit amet, consectetur adipiscing elit.", "image": "./images/blog/2/18/blog_18.jpg", "created": "2012-03-28 09:32:09", "modified": "2012-03-28 10:07:19", "private": false, "draft": false, "user": 2, "allow_download": true, "trash": false, "description": "Cras justo odio, dapibus ac facilisis in, egestas eget quam. Sed posuere consectetur est at lobortis. Sed posuere consectetur est at lobortis. Duis mollis, est non commodo luctus, nisi erat porttitor ligula, eget lacinia odio sem nec elit. Aenean lacinia bibendum nulla sed consectetur."}}, {"pk": 19, "model": "blog.blog", "fields": {"category": 5, "location": 12, "mood": 8, "title": "Lorem ipsum dolor sit amet, consectetur adipiscing elit. ", "image": "./images/blog/2/19/blog_19.jpg", "created": "2012-03-28 09:32:58", "modified": "2012-03-28 10:06:57", "private": false, "draft": false, "user": 2, "allow_download": true, "trash": false, "description": "Cras justo odio, dapibus ac facilisis in, egestas eget quam. Sed posuere consectetur est at lobortis. Sed posuere consectetur est at lobortis. Duis mollis, est non commodo luctus, nisi erat porttitor ligula, eget lacinia odio sem nec elit. Aenean lacinia bibendum nulla sed consectetur."}}, {"pk": 20, "model": "blog.blog", "fields": {"category": 4, "location": 8, "mood": 10, "title": "Lorem ipsum dolor sit amet, consectetur adipiscing elit.", "image": "./images/blog/2/20/blog_20.jpg", "created": "2012-03-28 09:34:12", "modified": "2012-03-28 10:05:46", "private": false, "draft": false, "user": 2, "allow_download": true, "trash": false, "description": "Cras justo odio, dapibus ac facilisis in, egestas eget quam. Sed posuere consectetur est at lobortis. Sed posuere consectetur est at lobortis. Duis mollis, est non commodo luctus, nisi erat porttitor ligula, eget lacinia odio sem nec elit. Aenean lacinia bibendum nulla sed consectetur."}}, {"pk": 17, "model": "blog.blog", "fields": {"category": 9, "location": 2, "mood": 9, "title": "Lorem ipsum dolor sit amet, consectetur adipiscing elit.", "image": "./images/blog/2/17/blog_17.jpg", "created": "2012-03-28 09:30:55", "modified": "2012-03-28 10:03:39", "private": false, "draft": false, "user": 2, "allow_download": true, "trash": false, "description": "Cras justo odio, dapibus ac facilisis in, egestas eget quam. Sed posuere consectetur est at lobortis. Sed posuere consectetur est at lobortis. Duis mollis, est non commodo luctus, nisi erat porttitor ligula, eget lacinia odio sem nec elit. Aenean lacinia bibendum nulla sed consectetur."}}, {"pk": 23, "model": "blog.blog", "fields": {"category": 11, "location": 1, "mood": 8, "title": "Lorem ipsum dolor sit amet, consectetur adipiscing elit.", "image": "./images/blog/2/23/blog_23.jpg", "created": "2012-03-28 09:39:02", "modified": "2012-03-28 09:39:02", "private": false, "draft": false, "user": 2, "allow_download": true, "trash": false, "description": "Cras justo odio, dapibus ac facilisis in, egestas eget quam. Sed posuere consectetur est at lobortis. Sed posuere consectetur est at lobortis. Duis mollis, est non commodo luctus, nisi erat porttitor ligula, eget lacinia odio sem nec elit. Aenean lacinia bibendum nulla sed consectetur."}}, {"pk": 24, "model": "blog.blog", "fields": {"category": 14, "location": 11, "mood": 2, "title": "Lorem ipsum dolor sit amet, consectetur adipiscing elit.", "image": "./images/blog/2/24/blog_24.jpg", "created": "2012-03-28 09:47:13", "modified": "2012-03-28 09:47:13", "private": false, "draft": false, "user": 2, "allow_download": true, "trash": false, "description": "Cras justo odio, dapibus ac facilisis in, egestas eget quam. Sed posuere consectetur est at lobortis. Sed posuere consectetur est at lobortis. Duis mollis, est non commodo luctus, nisi erat porttitor ligula, eget lacinia odio sem nec elit. Aenean lacinia bibendum nulla sed consectetur."}}, {"pk": 30, "model": "blog.blog", "fields": {"category": 16, "location": 5, "mood": 8, "title": "Lorem ipsum dolor sit amet, consectetur adipiscing elit.", "image": "./images/blog/2/30/blog_30.jpg", "created": "2012-03-28 09:58:01", "modified": "2012-03-28 09:58:01", "private": false, "draft": false, "user": 2, "allow_download": true, "trash": false, "description": "Cras justo odio, dapibus ac facilisis in, egestas eget quam. Sed posuere consectetur est at lobortis. Sed posuere consectetur est at lobortis. Duis mollis, est non commodo luctus, nisi erat porttitor ligula, eget lacinia odio sem nec elit. Aenean lacinia bibendum nulla sed consectetur."}}, {"pk": 25, "model": "blog.blog", "fields": {"category": 12, "location": 5, "mood": 10, "title": "Lorem ipsum dolor sit amet, consectetur adipiscing elit.", "image": "./images/blog/2/25/blog_25.jpg", "created": "2012-03-28 09:48:42", "modified": "2012-03-28 09:52:50", "private": false, "draft": false, "user": 2, "allow_download": true, "trash": false, "description": "Cras justo odio, dapibus ac facilisis in, egestas eget quam. Sed posuere consectetur est at lobortis. Sed posuere consectetur est at lobortis. Duis mollis, est non commodo luctus, nisi erat porttitor ligula, eget lacinia odio sem nec elit. Aenean lacinia bibendum nulla sed consectetur."}}, {"pk": 26, "model": "blog.blog", "fields": {"category": 16, "location": 12, "mood": 5, "title": "Lorem ipsum dolor sit amet, consectetur adipiscing elit.", "image": "./images/blog/2/26/blog_26.jpg", "created": "2012-03-28 09:53:48", "modified": "2012-03-28 09:53:48", "private": false, "draft": false, "user": 2, "allow_download": true, "trash": false, "description": "Cras justo odio, dapibus ac facilisis in, egestas eget quam. Sed posuere consectetur est at lobortis. Sed posuere consectetur est at lobortis. Duis mollis, est non commodo luctus, nisi erat porttitor ligula, eget lacinia odio sem nec elit. Aenean lacinia bibendum nulla sed consectetur."}}, {"pk": 27, "model": "blog.blog", "fields": {"category": 19, "location": 5, "mood": 6, "title": "Lorem ipsum dolor sit amet, consectetur adipiscing elit.", "image": "./images/blog/2/27/blog_27.jpg", "created": "2012-03-28 09:55:04", "modified": "2012-03-28 09:55:04", "private": false, "draft": false, "user": 2, "allow_download": true, "trash": false, "description": "Cras justo odio, dapibus ac facilisis in, egestas eget quam. Sed posuere consectetur est at lobortis. Sed posuere consectetur est at lobortis. Duis mollis, est non commodo luctus, nisi erat porttitor ligula, eget lacinia odio sem nec elit. Aenean lacinia bibendum nulla sed consectetur."}}, {"pk": 28, "model": "blog.blog", "fields": {"category": 12, "location": 14, "mood": 7, "title": "Lorem ipsum dolor sit amet, consectetur adipiscing elit.", "image": "./images/blog/2/28/blog_28.jpg", "created": "2012-03-28 09:56:00", "modified": "2012-03-28 09:56:00", "private": false, "draft": false, "user": 2, "allow_download": true, "trash": false, "description": "Cras justo odio, dapibus ac facilisis in, egestas eget quam. Sed posuere consectetur est at lobortis. Sed posuere consectetur est at lobortis. Duis mollis, est non commodo luctus, nisi erat porttitor ligula, eget lacinia odio sem nec elit. Aenean lacinia bibendum nulla sed consectetur."}}, {"pk": 29, "model": "blog.blog", "fields": {"category": 15, "location": 1, "mood": 2, "title": "Lorem ipsum dolor sit amet, consectetur adipiscing elit.", "image": "./images/blog/2/29/blog_29.jpg", "created": "2012-03-28 09:56:50", "modified": "2012-03-28 09:56:50", "private": false, "draft": false, "user": 2, "allow_download": true, "trash": false, "description": "Cras justo odio, dapibus ac facilisis in, egestas eget quam. Sed posuere consectetur est at lobortis. Sed posuere consectetur est at lobortis. Duis mollis, est non commodo luctus, nisi erat porttitor ligula, eget lacinia odio sem nec elit. Aenean lacinia bibendum nulla sed consectetur."}}, {"pk": 31, "model": "blog.blog", "fields": {"category": 13, "location": 6, "mood": 9, "title": "Lorem ipsum dolor sit amet, consectetur adipiscing elit.", "image": "./images/blog/2/31/blog_31.jpg", "created": "2012-03-28 10:03:07", "modified": "2012-03-28 10:03:07", "private": false, "draft": false, "user": 2, "allow_download": true, "trash": false, "description": "Cras justo odio, dapibus ac facilisis in, egestas eget quam. Sed posuere consectetur est at lobortis. Sed posuere consectetur est at lobortis. Duis mollis, est non commodo luctus, nisi erat porttitor ligula, eget lacinia odio sem nec elit. Aenean lacinia bibendum nulla sed consectetur."}}, {"pk": 22, "model": "blog.blog", "fields": {"category": 1, "location": 1, "mood": 4, "title": "Lorem ipsum dolor sit amet, consectetur adipiscing elit.", "image": "./images/blog/2/22/blog_22.jpg", "created": "2012-03-28 09:37:16", "modified": "2012-03-28 10:05:11", "private": false, "draft": false, "user": 2, "allow_download": true, "trash": false, "description": "Cras justo odio, dapibus ac facilisis in, egestas eget quam. Sed posuere consectetur est at lobortis. Sed posuere consectetur est at lobortis. Duis mollis, est non commodo luctus, nisi erat porttitor ligula, eget lacinia odio sem nec elit. Aenean lacinia bibendum nulla sed consectetur."}}, {"pk": 1, "model": "location.location", "fields": {"lat": "13.82031", "country": "Thailand", "lng": "100.6647101", "city": "Bangkok"}}, {"pk": 2, "model": "location.location", "fields": {"lat": "7.9843109", "country": "Thailand", "lng": "98.3307468", "city": "Phuket"}}, {"pk": 4, "model": "location.location", "fields": {"lat": "-8.4095178", "country": "Indonesia", "lng": "115.188916", "city": "Bali"}}, {"pk": 5, "model": "location.location", "fields": {"lat": "19.0759837", "country": "India", "lng": "72.8776559", "city": "Mumbai"}}, {"pk": 6, "model": "location.location", "fields": {"lat": "13.423799", "country": "Cambodia", "lng": "103.856324", "city": "Angkor"}}, {"pk": 7, "model": "location.location", "fields": {"lat": "17.962769", "country": "Laos", "lng": "102.614429", "city": "Vientiane"}}, {"pk": 9, "model": "location.location", "fields": {"lat": "19.75", "country": "Myanmar (Burma)", "lng": "96.1", "city": "Naypyitaw"}}, {"pk": 10, "model": "location.location", "fields": {"lat": "11.558831", "country": "Cambodia", "lng": "104.917445", "city": "Phnom Penh"}}, {"pk": 11, "model": "location.location", "fields": {"lat": "3.139003", "country": "Malaysia", "lng": "101.686855", "city": "Kuala Lumpur"}}, {"pk": 12, "model": "location.location", "fields": {"lat": "1.2894365", "country": "Singapore", "lng": "103.8499802", "city": "Singapore"}}, {"pk": 8, "model": "location.location", "fields": {"lat": "20.0656229", "country": "Laos", "lng": "102.6216211", "city": "Louangphabang"}}, {"pk": 3, "model": "location.location", "fields": {"lat": "-6.211544", "country": "Indonesia", "lng": "106.845172", "city": "Jakarta Capital Region"}}, {"pk": 14, "model": "location.location", "fields": {"lat": "14.6701192", "country": "Thailand", "lng": "99.0128926", "city": "Kanchanaburi"}}, {"pk": 13, "model": "location.location", "fields": {"lat": "19.75", "country": "Myanmar", "lng": "96.1", "city": "Naypyitaw"}}, {"pk": 1, "model": "statistic.viewcount", "fields": {"blog": 1, "totalcount": 1, "updated": "2012-03-28 08:24:07", "weekcount": 1, "daycount": 1}}, {"pk": 2, "model": "statistic.viewcount", "fields": {"blog": 2, "totalcount": 0, "updated": "2012-03-28 08:26:17", "weekcount": 0, "daycount": 0}}, {"pk": 3, "model": "statistic.viewcount", "fields": {"blog": 3, "totalcount": 0, "updated": "2012-03-28 08:28:40", "weekcount": 0, "daycount": 0}}, {"pk": 4, "model": "statistic.viewcount", "fields": {"blog": 4, "totalcount": 0, "updated": "2012-03-28 08:30:47", "weekcount": 0, "daycount": 0}}, {"pk": 5, "model": "statistic.viewcount", "fields": {"blog": 5, "totalcount": 0, "updated": "2012-03-28 08:32:46", "weekcount": 0, "daycount": 0}}, {"pk": 6, "model": "statistic.viewcount", "fields": {"blog": 6, "totalcount": 0, "updated": "2012-03-28 08:35:21", "weekcount": 0, "daycount": 0}}, {"pk": 7, "model": "statistic.viewcount", "fields": {"blog": 7, "totalcount": 0, "updated": "2012-03-28 08:40:20", "weekcount": 0, "daycount": 0}}, {"pk": 9, "model": "statistic.viewcount", "fields": {"blog": 9, "totalcount": 0, "updated": "2012-03-28 08:43:14", "weekcount": 0, "daycount": 0}}, {"pk": 10, "model": "statistic.viewcount", "fields": {"blog": 10, "totalcount": 0, "updated": "2012-03-28 08:45:24", "weekcount": 0, "daycount": 0}}, {"pk": 11, "model": "statistic.viewcount", "fields": {"blog": 11, "totalcount": 0, "updated": "2012-03-28 08:46:36", "weekcount": 0, "daycount": 0}}, {"pk": 24, "model": "statistic.viewcount", "fields": {"blog": 24, "totalcount": 0, "updated": "2012-03-28 09:47:13", "weekcount": 0, "daycount": 0}}, {"pk": 25, "model": "statistic.viewcount", "fields": {"blog": 25, "totalcount": 0, "updated": "2012-03-28 09:48:42", "weekcount": 0, "daycount": 0}}, {"pk": 27, "model": "statistic.viewcount", "fields": {"blog": 27, "totalcount": 0, "updated": "2012-03-28 09:55:04", "weekcount": 0, "daycount": 0}}, {"pk": 28, "model": "statistic.viewcount", "fields": {"blog": 28, "totalcount": 0, "updated": "2012-03-28 09:56:00", "weekcount": 0, "daycount": 0}}, {"pk": 29, "model": "statistic.viewcount", "fields": {"blog": 29, "totalcount": 0, "updated": "2012-03-28 09:56:50", "weekcount": 0, "daycount": 0}}, {"pk": 30, "model": "statistic.viewcount", "fields": {"blog": 30, "totalcount": 0, "updated": "2012-03-28 09:58:01", "weekcount": 0, "daycount": 0}}, {"pk": 31, "model": "statistic.viewcount", "fields": {"blog": 31, "totalcount": 0, "updated": "2012-03-28 10:03:07", "weekcount": 0, "daycount": 0}}, {"pk": 17, "model": "statistic.viewcount", "fields": {"blog": 17, "totalcount": 1, "updated": "2012-03-28 10:03:20", "weekcount": 1, "daycount": 1}}, {"pk": 23, "model": "statistic.viewcount", "fields": {"blog": 23, "totalcount": 1, "updated": "2012-03-28 10:03:47", "weekcount": 1, "daycount": 1}}, {"pk": 8, "model": "statistic.viewcount", "fields": {"blog": 8, "totalcount": 1, "updated": "2012-03-28 10:03:53", "weekcount": 1, "daycount": 1}}, {"pk": 26, "model": "statistic.viewcount", "fields": {"blog": 26, "totalcount": 1, "updated": "2012-03-28 10:04:04", "weekcount": 1, "daycount": 1}}, {"pk": 20, "model": "statistic.viewcount", "fields": {"blog": 20, "totalcount": 1, "updated": "2012-03-28 10:04:30", "weekcount": 1, "daycount": 1}}, {"pk": 16, "model": "statistic.viewcount", "fields": {"blog": 16, "totalcount": 1, "updated": "2012-03-28 10:04:33", "weekcount": 1, "daycount": 1}}, {"pk": 14, "model": "statistic.viewcount", "fields": {"blog": 14, "totalcount": 1, "updated": "2012-03-28 10:04:38", "weekcount": 1, "daycount": 1}}, {"pk": 13, "model": "statistic.viewcount", "fields": {"blog": 13, "totalcount": 1, "updated": "2012-03-28 10:04:39", "weekcount": 1, "daycount": 1}}, {"pk": 12, "model": "statistic.viewcount", "fields": {"blog": 12, "totalcount": 1, "updated": "2012-03-28 10:04:39", "weekcount": 1, "daycount": 1}}, {"pk": 22, "model": "statistic.viewcount", "fields": {"blog": 22, "totalcount": 1, "updated": "2012-03-28 10:04:49", "weekcount": 1, "daycount": 1}}, {"pk": 21, "model": "statistic.viewcount", "fields": {"blog": 21, "totalcount": 2, "updated": "2012-03-28 10:05:17", "weekcount": 2, "daycount": 2}}, {"pk": 19, "model": "statistic.viewcount", "fields": {"blog": 19, "totalcount": 2, "updated": "2012-03-28 10:06:05", "weekcount": 2, "daycount": 2}}, {"pk": 18, "model": "statistic.viewcount", "fields": {"blog": 18, "totalcount": 2, "updated": "2012-03-28 10:07:02", "weekcount": 2, "daycount": 2}}, {"pk": 15, "model": "statistic.viewcount", "fields": {"blog": 15, "totalcount": 1, "updated": "2012-03-28 10:07:28", "weekcount": 1, "daycount": 1}}, {"pk": 1, "model": "taggit.tag", "fields": {"name": "Tank", "slug": "tank"}}, {"pk": 2, "model": "taggit.tag", "fields": {"name": "children", "slug": "children"}}, {"pk": 3, "model": "taggit.tag", "fields": {"name": "Paint", "slug": "paint"}}, {"pk": 4, "model": "taggit.tag", "fields": {"name": "Rice", "slug": "rice"}}, {"pk": 5, "model": "taggit.tag", "fields": {"name": "radio", "slug": "radio"}}, {"pk": 6, "model": "taggit.tag", "fields": {"name": "Hot", "slug": "hot"}}, {"pk": 7, "model": "taggit.tag", "fields": {"name": "Red", "slug": "red"}}, {"pk": 8, "model": "taggit.tag", "fields": {"name": "Learning", "slug": "learning"}}, {"pk": 9, "model": "taggit.tag", "fields": {"name": "herb", "slug": "herb"}}, {"pk": 10, "model": "taggit.tag", "fields": {"name": "care", "slug": "care"}}, {"pk": 11, "model": "taggit.tag", "fields": {"name": "hand", "slug": "hand"}}, {"pk": 12, "model": "taggit.tag", "fields": {"name": "food", "slug": "food"}}, {"pk": 13, "model": "taggit.tag", "fields": {"name": "man", "slug": "man"}}, {"pk": 15, "model": "taggit.tag", "fields": {"name": "rice", "slug": "rice_1"}}, {"pk": 16, "model": "taggit.tag", "fields": {"name": "student", "slug": "student"}}, {"pk": 17, "model": "taggit.tag", "fields": {"name": "woman", "slug": "woman"}}, {"pk": 18, "model": "taggit.tag", "fields": {"name": "freedom", "slug": "freedom"}}, {"pk": 19, "model": "taggit.tag", "fields": {"name": "fishing", "slug": "fishing"}}, {"pk": 20, "model": "taggit.tag", "fields": {"name": "farming", "slug": "farming"}}, {"pk": 21, "model": "taggit.tag", "fields": {"name": "working", "slug": "working"}}, {"pk": 22, "model": "taggit.tag", "fields": {"name": "water", "slug": "water"}}, {"pk": 23, "model": "taggit.tag", "fields": {"name": "family", "slug": "family"}}, {"pk": 24, "model": "taggit.tag", "fields": {"name": "lifestyle", "slug": "lifestyle"}}, {"pk": 25, "model": "taggit.tag", "fields": {"name": "growing", "slug": "growing"}}, {"pk": 26, "model": "taggit.tag", "fields": {"name": "help", "slug": "help"}}, {"pk": 27, "model": "taggit.tag", "fields": {"name": "smile", "slug": "smile"}}, {"pk": 1, "model": "taggit.taggeditem", "fields": {"tag": 1, "content_type": 22, "object_id": 1}}, {"pk": 2, "model": "taggit.taggeditem", "fields": {"tag": 2, "content_type": 22, "object_id": 2}}, {"pk": 3, "model": "taggit.taggeditem", "fields": {"tag": 3, "content_type": 22, "object_id": 3}}, {"pk": 4, "model": "taggit.taggeditem", "fields": {"tag": 3, "content_type": 22, "object_id": 4}}, {"pk": 5, "model": "taggit.taggeditem", "fields": {"tag": 4, "content_type": 22, "object_id": 5}}, {"pk": 6, "model": "taggit.taggeditem", "fields": {"tag": 5, "content_type": 22, "object_id": 6}}, {"pk": 7, "model": "taggit.taggeditem", "fields": {"tag": 5, "content_type": 22, "object_id": 7}}, {"pk": 8, "model": "taggit.taggeditem", "fields": {"tag": 6, "content_type": 22, "object_id": 8}}, {"pk": 9, "model": "taggit.taggeditem", "fields": {"tag": 7, "content_type": 22, "object_id": 8}}, {"pk": 10, "model": "taggit.taggeditem", "fields": {"tag": 8, "content_type": 22, "object_id": 9}}, {"pk": 11, "model": "taggit.taggeditem", "fields": {"tag": 9, "content_type": 22, "object_id": 10}}, {"pk": 12, "model": "taggit.taggeditem", "fields": {"tag": 10, "content_type": 22, "object_id": 10}}, {"pk": 13, "model": "taggit.taggeditem", "fields": {"tag": 11, "content_type": 22, "object_id": 11}}, {"pk": 14, "model": "taggit.taggeditem", "fields": {"tag": 12, "content_type": 22, "object_id": 16}}, {"pk": 15, "model": "taggit.taggeditem", "fields": {"tag": 12, "content_type": 22, "object_id": 23}}, {"pk": 16, "model": "taggit.taggeditem", "fields": {"tag": 4, "content_type": 22, "object_id": 23}}, {"pk": 17, "model": "taggit.taggeditem", "fields": {"tag": 13, "content_type": 22, "object_id": 24}}, {"pk": 18, "model": "taggit.taggeditem", "fields": {"tag": 15, "content_type": 22, "object_id": 24}}, {"pk": 20, "model": "taggit.taggeditem", "fields": {"tag": 4, "content_type": 22, "object_id": 25}}, {"pk": 21, "model": "taggit.taggeditem", "fields": {"tag": 16, "content_type": 22, "object_id": 26}}, {"pk": 22, "model": "taggit.taggeditem", "fields": {"tag": 2, "content_type": 22, "object_id": 26}}, {"pk": 23, "model": "taggit.taggeditem", "fields": {"tag": 17, "content_type": 22, "object_id": 27}}, {"pk": 24, "model": "taggit.taggeditem", "fields": {"tag": 18, "content_type": 22, "object_id": 27}}, {"pk": 25, "model": "taggit.taggeditem", "fields": {"tag": 4, "content_type": 22, "object_id": 28}}, {"pk": 26, "model": "taggit.taggeditem", "fields": {"tag": 17, "content_type": 22, "object_id": 28}}, {"pk": 27, "model": "taggit.taggeditem", "fields": {"tag": 19, "content_type": 22, "object_id": 29}}, {"pk": 28, "model": "taggit.taggeditem", "fields": {"tag": 13, "content_type": 22, "object_id": 29}}, {"pk": 29, "model": "taggit.taggeditem", "fields": {"tag": 20, "content_type": 22, "object_id": 30}}, {"pk": 30, "model": "taggit.taggeditem", "fields": {"tag": 4, "content_type": 22, "object_id": 30}}, {"pk": 31, "model": "taggit.taggeditem", "fields": {"tag": 17, "content_type": 22, "object_id": 31}}, {"pk": 32, "model": "taggit.taggeditem", "fields": {"tag": 21, "content_type": 22, "object_id": 31}}, {"pk": 33, "model": "taggit.taggeditem", "fields": {"tag": 21, "content_type": 22, "object_id": 17}}, {"pk": 34, "model": "taggit.taggeditem", "fields": {"tag": 17, "content_type": 22, "object_id": 17}}, {"pk": 35, "model": "taggit.taggeditem", "fields": {"tag": 22, "content_type": 22, "object_id": 17}}, {"pk": 36, "model": "taggit.taggeditem", "fields": {"tag": 12, "content_type": 22, "object_id": 17}}, {"pk": 37, "model": "taggit.taggeditem", "fields": {"tag": 23, "content_type": 22, "object_id": 22}}, {"pk": 38, "model": "taggit.taggeditem", "fields": {"tag": 24, "content_type": 22, "object_id": 22}}, {"pk": 39, "model": "taggit.taggeditem", "fields": {"tag": 17, "content_type": 22, "object_id": 21}}, {"pk": 40, "model": "taggit.taggeditem", "fields": {"tag": 12, "content_type": 22, "object_id": 20}}, {"pk": 41, "model": "taggit.taggeditem", "fields": {"tag": 25, "content_type": 22, "object_id": 20}}, {"pk": 42, "model": "taggit.taggeditem", "fields": {"tag": 20, "content_type": 22, "object_id": 19}}, {"pk": 43, "model": "taggit.taggeditem", "fields": {"tag": 4, "content_type": 22, "object_id": 19}}, {"pk": 44, "model": "taggit.taggeditem", "fields": {"tag": 2, "content_type": 22, "object_id": 18}}, {"pk": 45, "model": "taggit.taggeditem", "fields": {"tag": 26, "content_type": 22, "object_id": 18}}, {"pk": 46, "model": "taggit.taggeditem", "fields": {"tag": 17, "content_type": 22, "object_id": 15}}, {"pk": 47, "model": "taggit.taggeditem", "fields": {"tag": 20, "content_type": 22, "object_id": 15}}, {"pk": 48, "model": "taggit.taggeditem", "fields": {"tag": 12, "content_type": 22, "object_id": 14}}, {"pk": 49, "model": "taggit.taggeditem", "fields": {"tag": 17, "content_type": 22, "object_id": 13}}, {"pk": 50, "model": "taggit.taggeditem", "fields": {"tag": 27, "content_type": 22, "object_id": 13}}, {"pk": 51, "model": "taggit.taggeditem", "fields": {"tag": 24, "content_type": 22, "object_id": 12}}, {"pk": 55, "model": "auth.permission", "fields": {"codename": "add_account", "name": "Can add account", "content_type": 19}}, {"pk": 56, "model": "auth.permission", "fields": {"codename": "change_account", "name": "Can change account", "content_type": 19}}, {"pk": 57, "model": "auth.permission", "fields": {"codename": "delete_account", "name": "Can delete account", "content_type": 19}}, {"pk": 58, "model": "auth.permission", "fields": {"codename": "add_accountkey", "name": "Can add account key", "content_type": 20}}, {"pk": 59, "model": "auth.permission", "fields": {"codename": "change_accountkey", "name": "Can change account key", "content_type": 20}}, {"pk": 60, "model": "auth.permission", "fields": {"codename": "delete_accountkey", "name": "Can delete account key", "content_type": 20}}, {"pk": 22, "model": "auth.permission", "fields": {"codename": "add_logentry", "name": "Can add log entry", "content_type": 8}}, {"pk": 23, "model": "auth.permission", "fields": {"codename": "change_logentry", "name": "Can change log entry", "content_type": 8}}, {"pk": 24, "model": "auth.permission", "fields": {"codename": "delete_logentry", "name": "Can delete log entry", "content_type": 8}}, {"pk": 4, "model": "auth.permission", "fields": {"codename": "add_group", "name": "Can add group", "content_type": 2}}, {"pk": 5, "model": "auth.permission", "fields": {"codename": "change_group", "name": "Can change group", "content_type": 2}}, {"pk": 6, "model": "auth.permission", "fields": {"codename": "delete_group", "name": "Can delete group", "content_type": 2}}, {"pk": 10, "model": "auth.permission", "fields": {"codename": "add_message", "name": "Can add message", "content_type": 4}}, {"pk": 11, "model": "auth.permission", "fields": {"codename": "change_message", "name": "Can change message", "content_type": 4}}, {"pk": 12, "model": "auth.permission", "fields": {"codename": "delete_message", "name": "Can delete message", "content_type": 4}}, {"pk": 1, "model": "auth.permission", "fields": {"codename": "add_permission", "name": "Can add permission", "content_type": 1}}, {"pk": 2, "model": "auth.permission", "fields": {"codename": "change_permission", "name": "Can change permission", "content_type": 1}}, {"pk": 3, "model": "auth.permission", "fields": {"codename": "delete_permission", "name": "Can delete permission", "content_type": 1}}, {"pk": 7, "model": "auth.permission", "fields": {"codename": "add_user", "name": "Can add user", "content_type": 3}}, {"pk": 8, "model": "auth.permission", "fields": {"codename": "change_user", "name": "Can change user", "content_type": 3}}, {"pk": 9, "model": "auth.permission", "fields": {"codename": "delete_user", "name": "Can delete user", "content_type": 3}}, {"pk": 64, "model": "auth.permission", "fields": {"codename": "add_blog", "name": "Can add blog", "content_type": 22}}, {"pk": 65, "model": "auth.permission", "fields": {"codename": "change_blog", "name": "Can change blog", "content_type": 22}}, {"pk": 66, "model": "auth.permission", "fields": {"codename": "delete_blog", "name": "Can delete blog", "content_type": 22}}, {"pk": 61, "model": "auth.permission", "fields": {"codename": "add_category", "name": "Can add category", "content_type": 21}}, {"pk": 62, "model": "auth.permission", "fields": {"codename": "change_category", "name": "Can change category", "content_type": 21}}, {"pk": 63, "model": "auth.permission", "fields": {"codename": "delete_category", "name": "Can delete category", "content_type": 21}}, {"pk": 67, "model": "auth.permission", "fields": {"codename": "add_love", "name": "Can add love", "content_type": 23}}, {"pk": 68, "model": "auth.permission", "fields": {"codename": "change_love", "name": "Can change love", "content_type": 23}}, {"pk": 69, "model": "auth.permission", "fields": {"codename": "delete_love", "name": "Can delete love", "content_type": 23}}, {"pk": 13, "model": "auth.permission", "fields": {"codename": "add_contenttype", "name": "Can add content type", "content_type": 5}}, {"pk": 14, "model": "auth.permission", "fields": {"codename": "change_contenttype", "name": "Can change content type", "content_type": 5}}, {"pk": 15, "model": "auth.permission", "fields": {"codename": "delete_contenttype", "name": "Can delete content type", "content_type": 5}}, {"pk": 40, "model": "auth.permission", "fields": {"codename": "add_crontabschedule", "name": "Can add crontab", "content_type": 14}}, {"pk": 41, "model": "auth.permission", "fields": {"codename": "change_crontabschedule", "name": "Can change crontab", "content_type": 14}}, {"pk": 42, "model": "auth.permission", "fields": {"codename": "delete_crontabschedule", "name": "Can delete crontab", "content_type": 14}}, {"pk": 37, "model": "auth.permission", "fields": {"codename": "add_intervalschedule", "name": "Can add interval", "content_type": 13}}, {"pk": 38, "model": "auth.permission", "fields": {"codename": "change_intervalschedule", "name": "Can change interval", "content_type": 13}}, {"pk": 39, "model": "auth.permission", "fields": {"codename": "delete_intervalschedule", "name": "Can delete interval", "content_type": 13}}, {"pk": 46, "model": "auth.permission", "fields": {"codename": "add_periodictask", "name": "Can add periodic task", "content_type": 16}}, {"pk": 47, "model": "auth.permission", "fields": {"codename": "change_periodictask", "name": "Can change periodic task", "content_type": 16}}, {"pk": 48, "model": "auth.permission", "fields": {"codename": "delete_periodictask", "name": "Can delete periodic task", "content_type": 16}}, {"pk": 43, "model": "auth.permission", "fields": {"codename": "add_periodictasks", "name": "Can add periodic tasks", "content_type": 15}}, {"pk": 44, "model": "auth.permission", "fields": {"codename": "change_periodictasks", "name": "Can change periodic tasks", "content_type": 15}}, {"pk": 45, "model": "auth.permission", "fields": {"codename": "delete_periodictasks", "name": "Can delete periodic tasks", "content_type": 15}}, {"pk": 31, "model": "auth.permission", "fields": {"codename": "add_taskmeta", "name": "Can add task meta", "content_type": 11}}, {"pk": 32, "model": "auth.permission", "fields": {"codename": "change_taskmeta", "name": "Can change task meta", "content_type": 11}}, {"pk": 33, "model": "auth.permission", "fields": {"codename": "delete_taskmeta", "name": "Can delete task meta", "content_type": 11}}, {"pk": 34, "model": "auth.permission", "fields": {"codename": "add_tasksetmeta", "name": "Can add taskset meta", "content_type": 12}}, {"pk": 35, "model": "auth.permission", "fields": {"codename": "change_tasksetmeta", "name": "Can change taskset meta", "content_type": 12}}, {"pk": 36, "model": "auth.permission", "fields": {"codename": "delete_tasksetmeta", "name": "Can delete taskset meta", "content_type": 12}}, {"pk": 52, "model": "auth.permission", "fields": {"codename": "add_taskstate", "name": "Can add task", "content_type": 18}}, {"pk": 53, "model": "auth.permission", "fields": {"codename": "change_taskstate", "name": "Can change task", "content_type": 18}}, {"pk": 54, "model": "auth.permission", "fields": {"codename": "delete_taskstate", "name": "Can delete task", "content_type": 18}}, {"pk": 49, "model": "auth.permission", "fields": {"codename": "add_workerstate", "name": "Can add worker", "content_type": 17}}, {"pk": 50, "model": "auth.permission", "fields": {"codename": "change_workerstate", "name": "Can change worker", "content_type": 17}}, {"pk": 51, "model": "auth.permission", "fields": {"codename": "delete_workerstate", "name": "Can delete worker", "content_type": 17}}, {"pk": 28, "model": "auth.permission", "fields": {"codename": "add_message", "name": "Can add message", "content_type": 10}}, {"pk": 29, "model": "auth.permission", "fields": {"codename": "change_message", "name": "Can change message", "content_type": 10}}, {"pk": 30, "model": "auth.permission", "fields": {"codename": "delete_message", "name": "Can delete message", "content_type": 10}}, {"pk": 25, "model": "auth.permission", "fields": {"codename": "add_queue", "name": "Can add queue", "content_type": 9}}, {"pk": 26, "model": "auth.permission", "fields": {"codename": "change_queue", "name": "Can change queue", "content_type": 9}}, {"pk": 27, "model": "auth.permission", "fields": {"codename": "delete_queue", "name": "Can delete queue", "content_type": 9}}, {"pk": 70, "model": "auth.permission", "fields": {"codename": "add_location", "name": "Can add location", "content_type": 24}}, {"pk": 71, "model": "auth.permission", "fields": {"codename": "change_location", "name": "Can change location", "content_type": 24}}, {"pk": 72, "model": "auth.permission", "fields": {"codename": "delete_location", "name": "Can delete location", "content_type": 24}}, {"pk": 73, "model": "auth.permission", "fields": {"codename": "add_notification", "name": "Can add notification", "content_type": 25}}, {"pk": 74, "model": "auth.permission", "fields": {"codename": "change_notification", "name": "Can change notification", "content_type": 25}}, {"pk": 75, "model": "auth.permission", "fields": {"codename": "delete_notification", "name": "Can delete notification", "content_type": 25}}, {"pk": 16, "model": "auth.permission", "fields": {"codename": "add_session", "name": "Can add session", "content_type": 6}}, {"pk": 17, "model": "auth.permission", "fields": {"codename": "change_session", "name": "Can change session", "content_type": 6}}, {"pk": 18, "model": "auth.permission", "fields": {"codename": "delete_session", "name": "Can delete session", "content_type": 6}}, {"pk": 19, "model": "auth.permission", "fields": {"codename": "add_site", "name": "Can add site", "content_type": 7}}, {"pk": 20, "model": "auth.permission", "fields": {"codename": "change_site", "name": "Can change site", "content_type": 7}}, {"pk": 21, "model": "auth.permission", "fields": {"codename": "delete_site", "name": "Can delete site", "content_type": 7}}, {"pk": 76, "model": "auth.permission", "fields": {"codename": "add_history", "name": "Can add history", "content_type": 26}}, {"pk": 77, "model": "auth.permission", "fields": {"codename": "change_history", "name": "Can change history", "content_type": 26}}, {"pk": 78, "model": "auth.permission", "fields": {"codename": "delete_history", "name": "Can delete history", "content_type": 26}}, {"pk": 79, "model": "auth.permission", "fields": {"codename": "add_viewcount", "name": "Can add view count", "content_type": 27}}, {"pk": 80, "model": "auth.permission", "fields": {"codename": "change_viewcount", "name": "Can change view count", "content_type": 27}}, {"pk": 81, "model": "auth.permission", "fields": {"codename": "delete_viewcount", "name": "Can delete view count", "content_type": 27}}, {"pk": 82, "model": "auth.permission", "fields": {"codename": "add_tag", "name": "Can add Tag", "content_type": 28}}, {"pk": 83, "model": "auth.permission", "fields": {"codename": "change_tag", "name": "Can change Tag", "content_type": 28}}, {"pk": 84, "model": "auth.permission", "fields": {"codename": "delete_tag", "name": "Can delete Tag", "content_type": 28}}, {"pk": 85, "model": "auth.permission", "fields": {"codename": "add_taggeditem", "name": "Can add Tagged Item", "content_type": 29}}, {"pk": 86, "model": "auth.permission", "fields": {"codename": "change_taggeditem", "name": "Can change Tagged Item", "content_type": 29}}, {"pk": 87, "model": "auth.permission", "fields": {"codename": "delete_taggeditem", "name": "Can delete Tagged Item", "content_type": 29}}, {"pk": 1, "model": "auth.user", "fields": {"username": "admin", "first_name": "", "last_name": "", "is_active": true, "is_superuser": true, "is_staff": true, "last_login": "2012-03-28 07:53:36", "groups": [], "user_permissions": [], "password": "sha1$1ffd5$6b1895efff5b446083ccef3210f0df3153e9ed74", "email": "admin@example.com", "date_joined": "2012-03-28 07:52:46"}}, {"pk": 2, "model": "auth.user", "fields": {"username": "ikhuntuck@gmail.com", "first_name": "", "last_name": "", "is_active": true, "is_superuser": false, "is_staff": false, "last_login": "2012-03-28 08:10:06", "groups": [], "user_permissions": [], "password": "sha1$ac648$f1020d5b82c008a2bdd103c52ab8ff2ed4efc167", "email": "ikhuntuck@gmail.com", "date_joined": "2012-03-28 08:08:10"}}]